id,mesExtrato,dataTransacao,valorTransacao,tipoCartao,estabelecimento,unidadeGestora,portador,_bloco_origem,_pagina_origem
488182911,05/2022,02/04/2022,"745,00","{'id': 2, 'codigo': '2', 'descricao': 'Cartão de Pagamento de Compras Centralizadas - CPCC'}","{'id': 8119578, 'cpfFormatado': '', 'cnpjFormatado': '07.231.952/0001-65', 'numeroInscricaoSocial': '', 'nome': 'AGUAS CLARAS PRODUTOS E EQUIPAMENTOS PARA LAZER LTDA', 'razaoSocialReceita': 'AGUAS CLARAS PRODUTOS E EQUIPAMENTOS PARA LAZER LTDA', 'nomeFantasiaReceita': 'AGUAS CLARAS PISCINAS', 'tipo': 'Entidades Empresariais Privadas'}","{'codigo': '158283', 'nome': 'IFMA/CAMPUS BURITICUPU', 'descricaoPoder': 'EXECUTIVO', 'orgaoVinculado': {'codigoSIAFI': '26408', 'cnpj': '10735145000194', 'sigla': 'IFMA', 'nome': 'Instituto Federal de Educação, Ciência e Tecnologia do Maranhão'}, 'orgaoMaximo': {'codigo': '26000', 'sigla': 'MEC', 'nome': 'Ministério da Educação'}}","{'cpfFormatado': '', 'nis': '', 'nome': 'NAO SE APLICA'}",07/2021,1
491826110,05/2022,06/04/2022,"420,00","{'id': 2, 'codigo': '2', 'descricao': 'Cartão de Pagamento de Compras Centralizadas - CPCC'}","{'id': -1, 'cpfFormatado': '', 'cnpjFormatado': '', 'numeroInscricaoSocial': '', 'nome': 'SEM INFORMACAO', 'razaoSocialReceita': 'SEM INFORMACAO', 'nomeFantasiaReceita': 'SEM INFORMACAO', 'tipo': 'Sem Informação'}","{'codigo': '158283', 'nome': 'IFMA/CAMPUS BURITICUPU', 'descricaoPoder': 'EXECUTIVO', 'orgaoVinculado': {'codigoSIAFI': '26408', 'cnpj': '10735145000194', 'sigla': 'IFMA', 'nome': 'Instituto Federal de Educação, Ciência e Tecnologia do Maranhão'}, 'orgaoMaximo': {'codigo': '26000', 'sigla': 'MEC', 'nome': 'Ministério da Educação'}}","{'cpfFormatado': '', 'nis': '', 'nome': 'NAO SE APLICA'}",07/2021,1
495555859,05/2022,05/04/2022,"145,75","{'id': 2, 'codigo': '2', 'descricao': 'Cartão de Pagamento de Compras Centralizadas - CPCC'}","{'id': 6819806, 'cpfFormatado': '', 'cnpjFormatado': '12.114.724/0001-45', 'numeroInscricaoSocial': '', 'nome': 'A J BARBOSA LTDA', 'razaoSocialReceita': 'A J BARBOSA LTDA', 'nomeFantasiaReceita': 'CENTRO ELETRICO', 'tipo': 'Entidades Empresariais Privadas'}","{'codigo': '158283', 'nome': 'IFMA/CAMPUS BURITICUPU', 'descricaoPoder': 'EXECUTIVO', 'orgaoVinculado': {'codigoSIAFI': '26408', 'cnpj': '10735145000194', 'sigla': 'IFMA', 'nome': 'Instituto Federal de Educação, Ciência e Tecnologia do Maranhão'}, 'orgaoMaximo': {'codigo': '26000', 'sigla': 'MEC', 'nome': 'Ministério da Educação'}}","{'cpfFormatado': '', 'nis': '', 'nome': 'NAO SE APLICA'}",07/2021,1
495555923,05/2022,05/04/2022,"57,63","{'id': 2, 'codigo': '2', 'descricao': 'Cartão de Pagamento de Compras Centralizadas - CPCC'}","{'id': 9419797, 'cpfFormatado': '', 'cnpjFormatado': '03.867.404/0001-75', 'numeroInscricaoSocial': '', 'nome': 'ORIZA - MATERIAIS DE CONSTRUCOES LTDA', 'razaoSocialReceita': 'ORIZA - MATERIAIS DE CONSTRUCOES LTDA', 'nomeFantasiaReceita': '', 'tipo': 'Entidades Empresariais Privadas'}","{'codigo': '158283', 'nome': 'IFMA/CAMPUS BURITICUPU', 'descricaoPoder': 'EXECUTIVO', 'orgaoVinculado': {'codigoSIAFI': '26408', 'cnpj': '10735145000194', 'sigla': 'IFMA', 'nome': 'Instituto Federal de Educação, Ciência e Tecnologia do Maranhão'}, 'orgaoMaximo': {'codigo': '26000', 'sigla': 'MEC', 'nome': 'Ministério da Educação'}}","{'cpfFormatado': '', 'nis': '', 'nome': 'NAO SE APLICA'}",07/2021,1
500048984,05/2022,12/04/2022,"415,98","{'id': 2, 'codigo': '2', 'descricao': 'Cartão de Pagamento de Compras Centralizadas - CPCC'}","{'id': 6019904, 'cpfFormatado': '', 'cnpjFormatado': '07.575.651/0001-59', 'numeroInscricaoSocial': '', 'nome': 'GOL LINHAS AEREAS S.A.', 'razaoSocialReceita': 'GOL LINHAS AEREAS S.A.', 'nomeFantasiaReceita': '', 'tipo': 'Entidades Empresariais Privadas'}","{'codigo': '810005', 'nome': 'COORDENACAO-GERAL DE LOGISTICA - MDHC', 'descricaoPoder': 'EXECUTIVO', 'orgaoVinculado': {'codigoSIAFI': '81000', 'cnpj': '27136980000100', 'sigla': 'MDHC', 'nome': 'Ministério dos Direitos Humanos e Cidadania - Unidades com vínculo direto'}, 'orgaoMaximo': {'codigo': '81000', 'sigla': 'MDHC', 'nome': 'Ministério dos Direitos Humanos e Cidadania'}}","{'cpfFormatado': '', 'nis': '', 'nome': 'NAO SE APLICA'}",07/2021,1
500329933,05/2022,20/04/2022,"700,00","{'id': 2, 'codigo': '2', 'descricao': 'Cartão de Pagamento de Compras Centralizadas - CPCC'}","{'id': -1, 'cpfFormatado': '', 'cnpjFormatado': '', 'numeroInscricaoSocial': '', 'nome': 'SEM INFORMACAO', 'razaoSocialReceita': 'SEM INFORMACAO', 'nomeFantasiaReceita': 'SEM INFORMACAO', 'tipo': 'Sem Informação'}","{'codigo': '158283', 'nome': 'IFMA/CAMPUS BURITICUPU', 'descricaoPoder': 'EXECUTIVO', 'orgaoVinculado': {'codigoSIAFI': '26408', 'cnpj': '10735145000194', 'sigla': 'IFMA', 'nome': 'Instituto Federal de Educação, Ciência e Tecnologia do Maranhão'}, 'orgaoMaximo': {'codigo': '26000', 'sigla': 'MEC', 'nome': 'Ministério da Educação'}}","{'cpfFormatado': '', 'nis': '', 'nome': 'NAO SE APLICA'}",07/2021,1
500329997,06/2022,05/05/2022,"470,00","{'id': 2, 'codigo': '2', 'descricao': 'Cartão de Pagamento de Compras Centralizadas - CPCC'}","{'id': 537816857, 'cpfFormatado': '', 'cnpjFormatado': '20.204.142/0001-88', 'numeroInscricaoSocial': '', 'nome': 'HERON CONSTRUCOES LTDA', 'razaoSocialReceita': 'HERON CONSTRUCOES LTDA', 'nomeFantasiaReceita': 'HERON CONSTRUCOES', 'tipo': 'Entidades Empresariais Privadas'}","{'codigo': '158283', 'nome': 'IFMA/CAMPUS BURITICUPU', 'descricaoPoder': 'EXECUTIVO', 'orgaoVinculado': {'codigoSIAFI': '26408', 'cnpj': '10735145000194', 'sigla': 'IFMA', 'nome': 'Instituto Federal de Educação, Ciência e Tecnologia do Maranhão'}, 'orgaoMaximo': {'codigo': '26000', 'sigla': 'MEC', 'nome': 'Ministério da Educação'}}","{'cpfFormatado': '', 'nis': '', 'nome': 'NAO SE APLICA'}",07/2021,1
503616900,05/2022,08/04/2022,"325,00","{'id': 2, 'codigo': '2', 'descricao': 'Cartão de Pagamento de Compras Centralizadas - CPCC'}","{'id': 363417263, 'cpfFormatado': '', 'cnpjFormatado': '25.044.485/0001-46', 'numeroInscricaoSocial': '', 'nome': 'GRAMARMORE GL LTDA', 'razaoSocialReceita': 'GRAMARMORE GL LTDA', 'nomeFantasiaReceita': 'GRAMARMOREGL', 'tipo': 'Entidades Empresariais Privadas'}","{'codigo': '158283', 'nome': 'IFMA/CAMPUS BURITICUPU', 'descricaoPoder': 'EXECUTIVO', 'orgaoVinculado': {'codigoSIAFI': '26408', 'cnpj': '10735145000194', 'sigla': 'IFMA', 'nome': 'Instituto Federal de Educação, Ciência e Tecnologia do Maranhão'}, 'orgaoMaximo': {'codigo': '26000', 'sigla': 'MEC', 'nome': 'Ministério da Educação'}}","{'cpfFormatado': '', 'nis': '', 'nome': 'NAO SE APLICA'}",07/2021,1
507882421,10/2021,31/08/2021,"77,60","{'id': 2, 'codigo': '2', 'descricao': 'Cartão de Pagamento de Compras Centralizadas - CPCC'}","{'id': 9419797, 'cpfFormatado': '', 'cnpjFormatado': '03.867.404/0001-75', 'numeroInscricaoSocial': '', 'nome': 'ORIZA - MATERIAIS DE CONSTRUCOES LTDA', 'razaoSocialReceita': 'ORIZA - MATERIAIS DE CONSTRUCOES LTDA', 'nomeFantasiaReceita': '', 'tipo': 'Entidades Empresariais Privadas'}","{'codigo': '158283', 'nome': 'IFMA/CAMPUS BURITICUPU', 'descricaoPoder': 'EXECUTIVO', 'orgaoVinculado': {'codigoSIAFI': '26408', 'cnpj': '10735145000194', 'sigla': 'IFMA', 'nome': 'Instituto Federal de Educação, Ciência e Tecnologia do Maranhão'}, 'orgaoMaximo': {'codigo': '26000', 'sigla': 'MEC', 'nome': 'Ministério da Educação'}}","{'cpfFormatado': '', 'nis': '', 'nome': 'NAO SE APLICA'}",07/2021,1
510390898,06/2022,11/05/2022,"137,32","{'id': 2, 'codigo': '2', 'descricao': 'Cartão de Pagamento de Compras Centralizadas - CPCC'}","{'id': 6019904, 'cpfFormatado': '', 'cnpjFormatado': '07.575.651/0001-59', 'numeroInscricaoSocial': '', 'nome': 'GOL LINHAS AEREAS S.A.', 'razaoSocialReceita': 'GOL LINHAS AEREAS S.A.', 'nomeFantasiaReceita': '', 'tipo': 'Entidades Empresariais Privadas'}","{'codigo': '810005', 'nome': 'COORDENACAO-GERAL DE LOGISTICA - MDHC', 'descricaoPoder': 'EXECUTIVO', 'orgaoVinculado': {'codigoSIAFI': '81000', 'cnpj': '27136980000100', 'sigla': 'MDHC', 'nome': 'Ministério dos Direitos Humanos e Cidadania - Unidades com vínculo direto'}, 'orgaoMaximo': {'codigo': '81000', 'sigla': 'MDHC', 'nome': 'Ministério dos Direitos Humanos e Cidadania'}}","{'cpfFormatado': '', 'nis': '', 'nome': 'NAO SE APLICA'}",07/2021,1
517699611,05/2022,13/04/2022,"1.400,00","{'id': 2, 'codigo': '2', 'descricao': 'Cartão de Pagamento de Compras Centralizadas - CPCC'}","{'id': 26842427, 'cpfFormatado': '', 'cnpjFormatado': '19.403.487/0001-81', 'numeroInscricaoSocial': '', 'nome': 'M V R TEIXEIRA OLIVEIRA', 'razaoSocialReceita': 'M V R TEIXEIRA OLIVEIRA', 'nomeFantasiaReceita': 'MEGA GRAFICA', 'tipo': 'Entidades Empresariais Privadas'}","{'codigo': '158283', 'nome': 'IFMA/CAMPUS BURITICUPU', 'descricaoPoder': 'EXECUTIVO', 'orgaoVinculado': {'codigoSIAFI': '26408', 'cnpj': '10735145000194', 'sigla': 'IFMA', 'nome': 'Instituto Federal de Educação, Ciência e Tecnologia do Maranhão'}, 'orgaoMaximo': {'codigo': '26000', 'sigla': 'MEC', 'nome': 'Ministério da Educação'}}","{'cpfFormatado': '', 'nis': '', 'nome': 'NAO SE APLICA'}",07/2021,1
518113369,12/2021,17/11/2021,"144,98","{'id': 2, 'codigo': '2', 'descricao': 'Cartão de Pagamento de Compras Centralizadas - CPCC'}","{'id': 9419797, 'cpfFormatado': '', 'cnpjFormatado': '03.867.404/0001-75', 'numeroInscricaoSocial': '', 'nome': 'ORIZA - MATERIAIS DE CONSTRUCOES LTDA', 'razaoSocialReceita': 'ORIZA - MATERIAIS DE CONSTRUCOES LTDA', 'nomeFantasiaReceita': '', 'tipo': 'Entidades Empresariais Privadas'}","{'codigo': '158283', 'nome': 'IFMA/CAMPUS BURITICUPU', 'descricaoPoder': 'EXECUTIVO', 'orgaoVinculado': {'codigoSIAFI': '26408', 'cnpj': '10735145000194', 'sigla': 'IFMA', 'nome': 'Instituto Federal de Educação, Ciência e Tecnologia do Maranhão'}, 'orgaoMaximo': {'codigo': '26000', 'sigla': 'MEC', 'nome': 'Ministério da Educação'}}","{'cpfFormatado': '', 'nis': '', 'nome': 'NAO SE APLICA'}",07/2021,1
518113433,12/2021,17/11/2021,"1.700,00","{'id': 2, 'codigo': '2', 'descricao': 'Cartão de Pagamento de Compras Centralizadas - CPCC'}","{'id': 363317288, 'cpfFormatado': '', 'cnpjFormatado': '31.353.848/0001-28', 'numeroInscricaoSocial': '', 'nome': 'L. POMPILIO DA ROCHA - COM. E SERVICOS', 'razaoSocialReceita': 'L. POMPILIO DA ROCHA - COM. E SERVICOS', 'nomeFantasiaReceita': 'P R ENGENHARIA E ARQUITETURA', 'tipo': 'Entidades Empresariais Privadas'}","{'codigo': '158283', 'nome': 'IFMA/CAMPUS BURITICUPU', 'descricaoPoder': 'EXECUTIVO', 'orgaoVinculado': {'codigoSIAFI': '26408', 'cnpj': '10735145000194', 'sigla': 'IFMA', 'nome': 'Instituto Federal de Educação, Ciência e Tecnologia do Maranhão'}, 'orgaoMaximo': {'codigo': '26000', 'sigla': 'MEC', 'nome': 'Ministério da Educação'}}","{'cpfFormatado': '', 'nis': '', 'nome': 'NAO SE APLICA'}",07/2021,1
520459814,11/2021,28/09/2021,"99,75","{'id': 2, 'codigo': '2', 'descricao': 'Cartão de Pagamento de Compras Centralizadas - CPCC'}","{'id': 367517387, 'cpfFormatado': '', 'cnpjFormatado': '03.995.515/0167-56', 'numeroInscricaoSocial': '', 'nome': 'MATEUS SUPERMERCADOS S.A.', 'razaoSocialReceita': 'MATEUS SUPERMERCADOS S.A.', 'nomeFantasiaReceita': 'MATEUS SUPERMERCADOS', 'tipo': 'Entidades Empresariais Privadas'}","{'codigo': '158283', 'nome': 'IFMA/CAMPUS BURITICUPU', 'descricaoPoder': 'EXECUTIVO', 'orgaoVinculado': {'codigoSIAFI': '26408', 'cnpj': '10735145000194', 'sigla': 'IFMA', 'nome': 'Instituto Federal de Educação, Ciência e Tecnologia do Maranhão'}, 'orgaoMaximo': {'codigo': '26000', 'sigla': 'MEC', 'nome': 'Ministério da Educação'}}","{'cpfFormatado': '', 'nis': '', 'nome': 'NAO SE APLICA'}",07/2021,1
520459878,12/2021,16/11/2021,"419,88","{'id': 2, 'codigo': '2', 'descricao': 'Cartão de Pagamento de Compras Centralizadas - CPCC'}","{'id': 362317583, 'cpfFormatado': '', 'cnpjFormatado': '00.776.574/1794-58', 'numeroInscricaoSocial': '', 'nome': 'AMERICANAS S.A - EM RECUPERACAO JUDICIAL', 'razaoSocialReceita': 'AMERICANAS S.A - EM RECUPERACAO JUDICIAL', 'nomeFantasiaReceita': '', 'tipo': 'Entidades Empresariais Privadas'}","{'codigo': '158283', 'nome': 'IFMA/CAMPUS BURITICUPU', 'descricaoPoder': 'EXECUTIVO', 'orgaoVinculado': {'codigoSIAFI': '26408', 'cnpj': '10735145000194', 'sigla': 'IFMA', 'nome': 'Instituto Federal de Educação, Ciência e Tecnologia do Maranhão'}, 'orgaoMaximo': {'codigo': '26000', 'sigla': 'MEC', 'nome': 'Ministério da Educação'}}","{'cpfFormatado': '', 'nis': '', 'nome': 'NAO SE APLICA'}",07/2021,1
520459942,12/2021,16/11/2021,"537,00","{'id': 2, 'codigo': '2', 'descricao': 'Cartão de Pagamento de Compras Centralizadas - CPCC'}","{'id': 363317288, 'cpfFormatado': '', 'cnpjFormatado': '31.353.848/0001-28', 'numeroInscricaoSocial': '', 'nome': 'L. POMPILIO DA ROCHA - COM. E SERVICOS', 'razaoSocialReceita': 'L. POMPILIO DA ROCHA - COM. E SERVICOS', 'nomeFantasiaReceita': 'P R ENGENHARIA E ARQUITETURA', 'tipo': 'Entidades Empresariais Privadas'}","{'codigo': '158283', 'nome': 'IFMA/CAMPUS BURITICUPU', 'descricaoPoder': 'EXECUTIVO', 'orgaoVinculado': {'codigoSIAFI': '26408', 'cnpj': '10735145000194', 'sigla': 'IFMA', 'nome': 'Instituto Federal de Educação, Ciência e Tecnologia do Maranhão'}, 'orgaoMaximo': {'codigo': '26000', 'sigla': 'MEC', 'nome': 'Ministério da Educação'}}","{'cpfFormatado': '', 'nis': '', 'nome': 'NAO SE APLICA'}",07/2021,2
520460006,12/2021,16/11/2021,"1.363,00","{'id': 2, 'codigo': '2', 'descricao': 'Cartão de Pagamento de Compras Centralizadas - CPCC'}","{'id': 363317288, 'cpfFormatado': '', 'cnpjFormatado': '31.353.848/0001-28', 'numeroInscricaoSocial': '', 'nome': 'L. POMPILIO DA ROCHA - COM. E SERVICOS', 'razaoSocialReceita': 'L. POMPILIO DA ROCHA - COM. E SERVICOS', 'nomeFantasiaReceita': 'P R ENGENHARIA E ARQUITETURA', 'tipo': 'Entidades Empresariais Privadas'}","{'codigo': '158283', 'nome': 'IFMA/CAMPUS BURITICUPU', 'descricaoPoder': 'EXECUTIVO', 'orgaoVinculado': {'codigoSIAFI': '26408', 'cnpj': '10735145000194', 'sigla': 'IFMA', 'nome': 'Instituto Federal de Educação, Ciência e Tecnologia do Maranhão'}, 'orgaoMaximo': {'codigo': '26000', 'sigla': 'MEC', 'nome': 'Ministério da Educação'}}","{'cpfFormatado': '', 'nis': '', 'nome': 'NAO SE APLICA'}",07/2021,2
532561810,12/2021,09/11/2021,"68,40","{'id': 2, 'codigo': '2', 'descricao': 'Cartão de Pagamento de Compras Centralizadas - CPCC'}","{'id': 2718804, 'cpfFormatado': '', 'cnpjFormatado': '10.417.608/0002-50', 'numeroInscricaoSocial': '', 'nome': 'IRMAOS SILVA SALES LTDA', 'razaoSocialReceita': 'IRMAOS SILVA SALES LTDA', 'nomeFantasiaReceita': '', 'tipo': 'Entidades Empresariais Privadas'}","{'codigo': '158283', 'nome': 'IFMA/CAMPUS BURITICUPU', 'descricaoPoder': 'EXECUTIVO', 'orgaoVinculado': {'codigoSIAFI': '26408', 'cnpj': '10735145000194', 'sigla': 'IFMA', 'nome': 'Instituto Federal de Educação, Ciência e Tecnologia do Maranhão'}, 'orgaoMaximo': {'codigo': '26000', 'sigla': 'MEC', 'nome': 'Ministério da Educação'}}","{'cpfFormatado': '', 'nis': '', 'nome': 'NAO SE APLICA'}",07/2021,2
532561874,12/2021,09/11/2021,"41,40","{'id': 2, 'codigo': '2', 'descricao': 'Cartão de Pagamento de Compras Centralizadas - CPCC'}","{'id': 2718804, 'cpfFormatado': '', 'cnpjFormatado': '10.417.608/0002-50', 'numeroInscricaoSocial': '', 'nome': 'IRMAOS SILVA SALES LTDA', 'razaoSocialReceita': 'IRMAOS SILVA SALES LTDA', 'nomeFantasiaReceita': '', 'tipo': 'Entidades Empresariais Privadas'}","{'codigo': '158283', 'nome': 'IFMA/CAMPUS BURITICUPU', 'descricaoPoder': 'EXECUTIVO', 'orgaoVinculado': {'codigoSIAFI': '26408', 'cnpj': '10735145000194', 'sigla': 'IFMA', 'nome': 'Instituto Federal de Educação, Ciência e Tecnologia do Maranhão'}, 'orgaoMaximo': {'codigo': '26000', 'sigla': 'MEC', 'nome': 'Ministério da Educação'}}","{'cpfFormatado': '', 'nis': '', 'nome': 'NAO SE APLICA'}",07/2021,2
536127104,10/2021,21/09/2021,"1.400,00","{'id': 2, 'codigo': '2', 'descricao': 'Cartão de Pagamento de Compras Centralizadas - CPCC'}","{'id': 363317288, 'cpfFormatado': '', 'cnpjFormatado': '31.353.848/0001-28', 'numeroInscricaoSocial': '', 'nome': 'L. POMPILIO DA ROCHA - COM. E SERVICOS', 'razaoSocialReceita': 'L. POMPILIO DA ROCHA - COM. E SERVICOS', 'nomeFantasiaReceita': 'P R ENGENHARIA E ARQUITETURA', 'tipo': 'Entidades Empresariais Privadas'}","{'codigo': '158283', 'nome': 'IFMA/CAMPUS BURITICUPU', 'descricaoPoder': 'EXECUTIVO', 'orgaoVinculado': {'codigoSIAFI': '26408', 'cnpj': '10735145000194', 'sigla': 'IFMA', 'nome': 'Instituto Federal de Educação, Ciência e Tecnologia do Maranhão'}, 'orgaoMaximo': {'codigo': '26000', 'sigla': 'MEC', 'nome': 'Ministério da Educação'}}","{'cpfFormatado': '', 'nis': '', 'nome': 'NAO SE APLICA'}",07/2021,2
538002696,05/2022,19/04/2022,"94,00","{'id': 2, 'codigo': '2', 'descricao': 'Cartão de Pagamento de Compras Centralizadas - CPCC'}","{'id': 6819806, 'cpfFormatado': '', 'cnpjFormatado': '12.114.724/0001-45', 'numeroInscricaoSocial': '', 'nome': 'A J BARBOSA LTDA', 'razaoSocialReceita': 'A J BARBOSA LTDA', 'nomeFantasiaReceita': 'CENTRO ELETRICO', 'tipo': 'Entidades Empresariais Privadas'}","{'codigo': '158283', 'nome': 'IFMA/CAMPUS BURITICUPU', 'descricaoPoder': 'EXECUTIVO', 'orgaoVinculado': {'codigoSIAFI': '26408', 'cnpj': '10735145000194', 'sigla': 'IFMA', 'nome': 'Instituto Federal de Educação, Ciência e Tecnologia do Maranhão'}, 'orgaoMaximo': {'codigo': '26000', 'sigla': 'MEC', 'nome': 'Ministério da Educação'}}","{'cpfFormatado': '', 'nis': '', 'nome': 'NAO SE APLICA'}",07/2021,2
538002760,05/2022,19/04/2022,"625,00","{'id': 2, 'codigo': '2', 'descricao': 'Cartão de Pagamento de Compras Centralizadas - CPCC'}","{'id': 193416876, 'cpfFormatado': '', 'cnpjFormatado': '09.476.919/0001-20', 'numeroInscricaoSocial': '', 'nome': 'A C ALENCAR  LTDA', 'razaoSocialReceita': 'A C ALENCAR  LTDA', 'nomeFantasiaReceita': 'J BARBOSA', 'tipo': 'Entidades Empresariais Privadas'}","{'codigo': '158283', 'nome': 'IFMA/CAMPUS BURITICUPU', 'descricaoPoder': 'EXECUTIVO', 'orgaoVinculado': {'codigoSIAFI': '26408', 'cnpj': '10735145000194', 'sigla': 'IFMA', 'nome': 'Instituto Federal de Educação, Ciência e Tecnologia do Maranhão'}, 'orgaoMaximo': {'codigo': '26000', 'sigla': 'MEC', 'nome': 'Ministério da Educação'}}","{'cpfFormatado': '', 'nis': '', 'nome': 'NAO SE APLICA'}",07/2021,2
538002824,05/2022,19/04/2022,"202,50","{'id': 2, 'codigo': '2', 'descricao': 'Cartão de Pagamento de Compras Centralizadas - CPCC'}","{'id': 478216891, 'cpfFormatado': '', 'cnpjFormatado': '12.476.980/0001-82', 'numeroInscricaoSocial': '', 'nome': 'C A DE BRITO  LTDA', 'razaoSocialReceita': 'C A DE BRITO  LTDA', 'nomeFantasiaReceita': 'TRIFASE', 'tipo': 'Entidades Empresariais Privadas'}","{'codigo': '158283', 'nome': 'IFMA/CAMPUS BURITICUPU', 'descricaoPoder': 'EXECUTIVO', 'orgaoVinculado': {'codigoSIAFI': '26408', 'cnpj': '10735145000194', 'sigla': 'IFMA', 'nome': 'Instituto Federal de Educação, Ciência e Tecnologia do Maranhão'}, 'orgaoMaximo': {'codigo': '26000', 'sigla': 'MEC', 'nome': 'Ministério da Educação'}}","{'cpfFormatado': '', 'nis': '', 'nome': 'NAO SE APLICA'}",07/2021,2
538002888,06/2022,29/04/2022,"600,00","{'id': 2, 'codigo': '2', 'descricao': 'Cartão de Pagamento de Compras Centralizadas - CPCC'}","{'id': 363317288, 'cpfFormatado': '', 'cnpjFormatado': '31.353.848/0001-28', 'numeroInscricaoSocial': '', 'nome': 'L. POMPILIO DA ROCHA - COM. E SERVICOS', 'razaoSocialReceita': 'L. POMPILIO DA ROCHA - COM. E SERVICOS', 'nomeFantasiaReceita': 'P R ENGENHARIA E ARQUITETURA', 'tipo': 'Entidades Empresariais Privadas'}","{'codigo': '158283', 'nome': 'IFMA/CAMPUS BURITICUPU', 'descricaoPoder': 'EXECUTIVO', 'orgaoVinculado': {'codigoSIAFI': '26408', 'cnpj': '10735145000194', 'sigla': 'IFMA', 'nome': 'Instituto Federal de Educação, Ciência e Tecnologia do Maranhão'}, 'orgaoMaximo': {'codigo': '26000', 'sigla': 'MEC', 'nome': 'Ministério da Educação'}}","{'cpfFormatado': '', 'nis': '', 'nome': 'NAO SE APLICA'}",07/2021,2
538002952,06/2022,29/04/2022,"800,00","{'id': 2, 'codigo': '2', 'descricao': 'Cartão de Pagamento de Compras Centralizadas - CPCC'}","{'id': 482017578, 'cpfFormatado': '', 'cnpjFormatado': '37.022.863/0001-70', 'numeroInscricaoSocial': '', 'nome': 'FRANCILMA ALVES CONCEICAO MARTINS 03361215390', 'razaoSocialReceita': 'FRANCILMA ALVES CONCEICAO MARTINS 03361215390', 'nomeFantasiaReceita': '', 'tipo': 'Entidades Empresariais Privadas'}","{'codigo': '158283', 'nome': 'IFMA/CAMPUS BURITICUPU', 'descricaoPoder': 'EXECUTIVO', 'orgaoVinculado': {'codigoSIAFI': '26408', 'cnpj': '10735145000194', 'sigla': 'IFMA', 'nome': 'Instituto Federal de Educação, Ciência e Tecnologia do Maranhão'}, 'orgaoMaximo': {'codigo': '26000', 'sigla': 'MEC', 'nome': 'Ministério da Educação'}}","{'cpfFormatado': '', 'nis': '', 'nome': 'NAO SE APLICA'}",07/2021,2
538003016,06/2022,29/04/2022,"2.188,00","{'id': 2, 'codigo': '2', 'descricao': 'Cartão de Pagamento de Compras Centralizadas - CPCC'}","{'id': 482017578, 'cpfFormatado': '', 'cnpjFormatado': '37.022.863/0001-70', 'numeroInscricaoSocial': '', 'nome': 'FRANCILMA ALVES CONCEICAO MARTINS 03361215390', 'razaoSocialReceita': 'FRANCILMA ALVES CONCEICAO MARTINS 03361215390', 'nomeFantasiaReceita': '', 'tipo': 'Entidades Empresariais Privadas'}","{'codigo': '158283', 'nome': 'IFMA/CAMPUS BURITICUPU', 'descricaoPoder': 'EXECUTIVO', 'orgaoVinculado': {'codigoSIAFI': '26408', 'cnpj': '10735145000194', 'sigla': 'IFMA', 'nome': 'Instituto Federal de Educação, Ciência e Tecnologia do Maranhão'}, 'orgaoMaximo': {'codigo': '26000', 'sigla': 'MEC', 'nome': 'Ministério da Educação'}}","{'cpfFormatado': '', 'nis': '', 'nome': 'NAO SE APLICA'}",07/2021,2
552738859,06/2022,02/05/2022,"600,00","{'id': 2, 'codigo': '2', 'descricao': 'Cartão de Pagamento de Compras Centralizadas - CPCC'}","{'id': 363317288, 'cpfFormatado': '', 'cnpjFormatado': '31.353.848/0001-28', 'numeroInscricaoSocial': '', 'nome': 'L. POMPILIO DA ROCHA - COM. E SERVICOS', 'razaoSocialReceita': 'L. POMPILIO DA ROCHA - COM. E SERVICOS', 'nomeFantasiaReceita': 'P R ENGENHARIA E ARQUITETURA', 'tipo': 'Entidades Empresariais Privadas'}","{'codigo': '158283', 'nome': 'IFMA/CAMPUS BURITICUPU', 'descricaoPoder': 'EXECUTIVO', 'orgaoVinculado': {'codigoSIAFI': '26408', 'cnpj': '10735145000194', 'sigla': 'IFMA', 'nome': 'Instituto Federal de Educação, Ciência e Tecnologia do Maranhão'}, 'orgaoMaximo': {'codigo': '26000', 'sigla': 'MEC', 'nome': 'Ministério da Educação'}}","{'cpfFormatado': '', 'nis': '', 'nome': 'NAO SE APLICA'}",07/2021,2
575143416,11/2021,06/10/2021,"152,80","{'id': 2, 'codigo': '2', 'descricao': 'Cartão de Pagamento de Compras Centralizadas - CPCC'}","{'id': 2718804, 'cpfFormatado': '', 'cnpjFormatado': '10.417.608/0002-50', 'numeroInscricaoSocial': '', 'nome': 'IRMAOS SILVA SALES LTDA', 'razaoSocialReceita': 'IRMAOS SILVA SALES LTDA', 'nomeFantasiaReceita': '', 'tipo': 'Entidades Empresariais Privadas'}","{'codigo': '158283', 'nome': 'IFMA/CAMPUS BURITICUPU', 'descricaoPoder': 'EXECUTIVO', 'orgaoVinculado': {'codigoSIAFI': '26408', 'cnpj': '10735145000194', 'sigla': 'IFMA', 'nome': 'Instituto Federal de Educação, Ciência e Tecnologia do Maranhão'}, 'orgaoMaximo': {'codigo': '26000', 'sigla': 'MEC', 'nome': 'Ministério da Educação'}}","{'cpfFormatado': '', 'nis': '', 'nome': 'NAO SE APLICA'}",07/2021,2
475502653,03/2023,23/02/2023,"250,00","{'id': 2, 'codigo': '2', 'descricao': 'Cartão de Pagamento de Compras Centralizadas - CPCC'}","{'id': -1, 'cpfFormatado': '', 'cnpjFormatado': '', 'numeroInscricaoSocial': '', 'nome': 'SEM INFORMACAO', 'razaoSocialReceita': 'SEM INFORMACAO', 'nomeFantasiaReceita': 'SEM INFORMACAO', 'tipo': 'Sem Informação'}","{'codigo': '155645', 'nome': 'IFMG/CAMPUS RIBEIRAO DAS NEVES', 'descricaoPoder': 'EXECUTIVO', 'orgaoVinculado': {'codigoSIAFI': '26409', 'cnpj': '10626896000172', 'sigla': 'IFMG', 'nome': 'Instituto Federal de Educação, Ciência e Tecnologia de Minas Gerais'}, 'orgaoMaximo': {'codigo': '26000', 'sigla': 'MEC', 'nome': 'Ministério da Educação'}}","{'cpfFormatado': '', 'nis': '', 'nome': 'NAO SE APLICA'}",07/2022,1
482051379,06/2023,25/04/2023,"1.080,00","{'id': 2, 'codigo': '2', 'descricao': 'Cartão de Pagamento de Compras Centralizadas - CPCC'}","{'id': 352818252, 'cpfFormatado': '***.979.016-**', 'cnpjFormatado': '', 'numeroInscricaoSocial': '', 'nome': 'ANA LUCIA DE SA MACHADO', 'razaoSocialReceita': '', 'nomeFantasiaReceita': '', 'tipo': 'Pessoa Física'}","{'codigo': '155645', 'nome': 'IFMG/CAMPUS RIBEIRAO DAS NEVES', 'descricaoPoder': 'EXECUTIVO', 'orgaoVinculado': {'codigoSIAFI': '26409', 'cnpj': '10626896000172', 'sigla': 'IFMG', 'nome': 'Instituto Federal de Educação, Ciência e Tecnologia de Minas Gerais'}, 'orgaoMaximo': {'codigo': '26000', 'sigla': 'MEC', 'nome': 'Ministério da Educação'}}","{'cpfFormatado': '', 'nis': '', 'nome': 'NAO SE APLICA'}",07/2022,1
488182975,05/2023,28/03/2023,"120,00","{'id': 2, 'codigo': '2', 'descricao': 'Cartão de Pagamento de Compras Centralizadas - CPCC'}","{'id': 200275646, 'cpfFormatado': '***.679.916-**', 'cnpjFormatado': '', 'numeroInscricaoSocial': '', 'nome': 'MARCOS ANTONIO DE SOUZA', 'razaoSocialReceita': '', 'nomeFantasiaReceita': '', 'tipo': 'Pessoa Física'}","{'codigo': '155645', 'nome': 'IFMG/CAMPUS RIBEIRAO DAS NEVES', 'descricaoPoder': 'EXECUTIVO', 'orgaoVinculado': {'codigoSIAFI': '26409', 'cnpj': '10626896000172', 'sigla': 'IFMG', 'nome': 'Instituto Federal de Educação, Ciência e Tecnologia de Minas Gerais'}, 'orgaoMaximo': {'codigo': '26000', 'sigla': 'MEC', 'nome': 'Ministério da Educação'}}","{'cpfFormatado': '', 'nis': '', 'nome': 'NAO SE APLICA'}",07/2022,1
488183039,05/2023,28/03/2023,"1.000,00","{'id': 2, 'codigo': '2', 'descricao': 'Cartão de Pagamento de Compras Centralizadas - CPCC'}","{'id': 372118451, 'cpfFormatado': '', 'cnpjFormatado': '02.810.527/0001-07', 'numeroInscricaoSocial': '', 'nome': 'COMERCIAL SOARES NONATO LTDA', 'razaoSocialReceita': 'COMERCIAL SOARES NONATO LTDA', 'nomeFantasiaReceita': 'DEPOSITO SAO GERALDO', 'tipo': 'Entidades Empresariais Privadas'}","{'codigo': '155645', 'nome': 'IFMG/CAMPUS RIBEIRAO DAS NEVES', 'descricaoPoder': 'EXECUTIVO', 'orgaoVinculado': {'codigoSIAFI': '26409', 'cnpj': '10626896000172', 'sigla': 'IFMG', 'nome': 'Instituto Federal de Educação, Ciência e Tecnologia de Minas Gerais'}, 'orgaoMaximo': {'codigo': '26000', 'sigla': 'MEC', 'nome': 'Ministério da Educação'}}","{'cpfFormatado': '', 'nis': '', 'nome': 'NAO SE APLICA'}",07/2022,1
496124393,12/2022,01/11/2022,"155,98","{'id': 2, 'codigo': '2', 'descricao': 'Cartão de Pagamento de Compras Centralizadas - CPCC'}","{'id': 6019904, 'cpfFormatado': '', 'cnpjFormatado': '07.575.651/0001-59', 'numeroInscricaoSocial': '', 'nome': 'GOL LINHAS AEREAS S.A.', 'razaoSocialReceita': 'GOL LINHAS AEREAS S.A.', 'nomeFantasiaReceita': '', 'tipo': 'Entidades Empresariais Privadas'}","{'codigo': '810005', 'nome': 'COORDENACAO-GERAL DE LOGISTICA - MDHC', 'descricaoPoder': 'EXECUTIVO', 'orgaoVinculado': {'codigoSIAFI': '81000', 'cnpj': '27136980000100', 'sigla': 'MDHC', 'nome': 'Ministério dos Direitos Humanos e Cidadania - Unidades com vínculo direto'}, 'orgaoMaximo': {'codigo': '81000', 'sigla': 'MDHC', 'nome': 'Ministério dos Direitos Humanos e Cidadania'}}","{'cpfFormatado': '', 'nis': '', 'nome': 'NAO SE APLICA'}",07/2022,1
496124457,06/2023,09/05/2023,"106,38","{'id': 2, 'codigo': '2', 'descricao': 'Cartão de Pagamento de Compras Centralizadas - CPCC'}","{'id': 320416810, 'cpfFormatado': '', 'cnpjFormatado': '01.281.608/0002-85', 'numeroInscricaoSocial': '', 'nome': 'ITAU DIST. DE MAT. DE CONST. E ELET. LTDA', 'razaoSocialReceita': 'ITAU DIST. DE MAT. DE CONST. E ELET. LTDA', 'nomeFantasiaReceita': '', 'tipo': 'Entidades Empresariais Privadas'}","{'codigo': '155645', 'nome': 'IFMG/CAMPUS RIBEIRAO DAS NEVES', 'descricaoPoder': 'EXECUTIVO', 'orgaoVinculado': {'codigoSIAFI': '26409', 'cnpj': '10626896000172', 'sigla': 'IFMG', 'nome': 'Instituto Federal de Educação, Ciência e Tecnologia de Minas Gerais'}, 'orgaoMaximo': {'codigo': '26000', 'sigla': 'MEC', 'nome': 'Ministério da Educação'}}","{'cpfFormatado': '', 'nis': '', 'nome': 'NAO SE APLICA'}",07/2022,1
500330061,05/2023,29/03/2023,"534,95","{'id': 2, 'codigo': '2', 'descricao': 'Cartão de Pagamento de Compras Centralizadas - CPCC'}","{'id': 320416810, 'cpfFormatado': '', 'cnpjFormatado': '01.281.608/0002-85', 'numeroInscricaoSocial': '', 'nome': 'ITAU DIST. DE MAT. DE CONST. E ELET. LTDA', 'razaoSocialReceita': 'ITAU DIST. DE MAT. DE CONST. E ELET. LTDA', 'nomeFantasiaReceita': '', 'tipo': 'Entidades Empresariais Privadas'}","{'codigo': '155645', 'nome': 'IFMG/CAMPUS RIBEIRAO DAS NEVES', 'descricaoPoder': 'EXECUTIVO', 'orgaoVinculado': {'codigoSIAFI': '26409', 'cnpj': '10626896000172', 'sigla': 'IFMG', 'nome': 'Instituto Federal de Educação, Ciência e Tecnologia de Minas Gerais'}, 'orgaoMaximo': {'codigo': '26000', 'sigla': 'MEC', 'nome': 'Ministério da Educação'}}","{'cpfFormatado': '', 'nis': '', 'nome': 'NAO SE APLICA'}",07/2022,1
503616964,06/2023,12/05/2023,"42,90","{'id': 2, 'codigo': '2', 'descricao': 'Cartão de Pagamento de Compras Centralizadas - CPCC'}","{'id': 581816980, 'cpfFormatado': '', 'cnpjFormatado': '49.879.395/0001-33', 'numeroInscricaoSocial': '', 'nome': 'R&D TINTAS LTDA', 'razaoSocialReceita': 'R&D TINTAS LTDA', 'nomeFantasiaReceita': 'CACAW TINTAS', 'tipo': 'Entidades Empresariais Privadas'}","{'codigo': '155645', 'nome': 'IFMG/CAMPUS RIBEIRAO DAS NEVES', 'descricaoPoder': 'EXECUTIVO', 'orgaoVinculado': {'codigoSIAFI': '26409', 'cnpj': '10626896000172', 'sigla': 'IFMG', 'nome': 'Instituto Federal de Educação, Ciência e Tecnologia de Minas Gerais'}, 'orgaoMaximo': {'codigo': '26000', 'sigla': 'MEC', 'nome': 'Ministério da Educação'}}","{'cpfFormatado': '', 'nis': '', 'nome': 'NAO SE APLICA'}",07/2022,1
503963958,08/2022,20/07/2022,"178,00","{'id': 2, 'codigo': '2', 'descricao': 'Cartão de Pagamento de Compras Centralizadas - CPCC'}","{'id': 193416876, 'cpfFormatado': '', 'cnpjFormatado': '09.476.919/0001-20', 'numeroInscricaoSocial': '', 'nome': 'A C ALENCAR  LTDA', 'razaoSocialReceita': 'A C ALENCAR  LTDA', 'nomeFantasiaReceita': 'J BARBOSA', 'tipo': 'Entidades Empresariais Privadas'}","{'codigo': '158283', 'nome': 'IFMA/CAMPUS BURITICUPU', 'descricaoPoder': 'EXECUTIVO', 'orgaoVinculado': {'codigoSIAFI': '26408', 'cnpj': '10735145000194', 'sigla': 'IFMA', 'nome': 'Instituto Federal de Educação, Ciência e Tecnologia do Maranhão'}, 'orgaoMaximo': {'codigo': '26000', 'sigla': 'MEC', 'nome': 'Ministério da Educação'}}","{'cpfFormatado': '', 'nis': '', 'nome': 'NAO SE APLICA'}",07/2022,1
504067415,05/2023,31/03/2023,"314,30","{'id': 2, 'codigo': '2', 'descricao': 'Cartão de Pagamento de Compras Centralizadas - CPCC'}","{'id': 9119668, 'cpfFormatado': '', 'cnpjFormatado': '10.573.521/0001-91', 'numeroInscricaoSocial': '', 'nome': 'MERCADO PAGO INSTITUICAO DE PAGAMENTO LTDA', 'razaoSocialReceita': 'MERCADO PAGO INSTITUICAO DE PAGAMENTO LTDA', 'nomeFantasiaReceita': '', 'tipo': 'Entidades Empresariais Privadas'}","{'codigo': '155645', 'nome': 'IFMG/CAMPUS RIBEIRAO DAS NEVES', 'descricaoPoder': 'EXECUTIVO', 'orgaoVinculado': {'codigoSIAFI': '26409', 'cnpj': '10626896000172', 'sigla': 'IFMG', 'nome': 'Instituto Federal de Educação, Ciência e Tecnologia de Minas Gerais'}, 'orgaoMaximo': {'codigo': '26000', 'sigla': 'MEC', 'nome': 'Ministério da Educação'}}","{'cpfFormatado': '', 'nis': '', 'nome': 'NAO SE APLICA'}",07/2022,1
506161153,04/2023,23/03/2023,"282,90","{'id': 2, 'codigo': '2', 'descricao': 'Cartão de Pagamento de Compras Centralizadas - CPCC'}","{'id': 579618527, 'cpfFormatado': '', 'cnpjFormatado': '44.818.253/0001-42', 'numeroInscricaoSocial': '', 'nome': 'ANDRE LUIZ APARECIDO ALVES DA COSTA 03128646635', 'razaoSocialReceita': 'ANDRE LUIZ APARECIDO ALVES DA COSTA 03128646635', 'nomeFantasiaReceita': '', 'tipo': 'Entidades Empresariais Privadas'}","{'codigo': '155645', 'nome': 'IFMG/CAMPUS RIBEIRAO DAS NEVES', 'descricaoPoder': 'EXECUTIVO', 'orgaoVinculado': {'codigoSIAFI': '26409', 'cnpj': '10626896000172', 'sigla': 'IFMG', 'nome': 'Instituto Federal de Educação, Ciência e Tecnologia de Minas Gerais'}, 'orgaoMaximo': {'codigo': '26000', 'sigla': 'MEC', 'nome': 'Ministério da Educação'}}","{'cpfFormatado': '', 'nis': '', 'nome': 'NAO SE APLICA'}",07/2022,1
507619406,05/2023,10/04/2023,"1.760,00","{'id': 2, 'codigo': '2', 'descricao': 'Cartão de Pagamento de Compras Centralizadas - CPCC'}","{'id': -1, 'cpfFormatado': '', 'cnpjFormatado': '', 'numeroInscricaoSocial': '', 'nome': 'SEM INFORMACAO', 'razaoSocialReceita': 'SEM INFORMACAO', 'nomeFantasiaReceita': 'SEM INFORMACAO', 'tipo': 'Sem Informação'}","{'codigo': '155645', 'nome': 'IFMG/CAMPUS RIBEIRAO DAS NEVES', 'descricaoPoder': 'EXECUTIVO', 'orgaoVinculado': {'codigoSIAFI': '26409', 'cnpj': '10626896000172', 'sigla': 'IFMG', 'nome': 'Instituto Federal de Educação, Ciência e Tecnologia de Minas Gerais'}, 'orgaoMaximo': {'codigo': '26000', 'sigla': 'MEC', 'nome': 'Ministério da Educação'}}","{'cpfFormatado': '', 'nis': '', 'nome': 'NAO SE APLICA'}",07/2022,1
507882485,06/2023,11/05/2023,"125,00","{'id': 2, 'codigo': '2', 'descricao': 'Cartão de Pagamento de Compras Centralizadas - CPCC'}","{'id': 9119668, 'cpfFormatado': '', 'cnpjFormatado': '10.573.521/0001-91', 'numeroInscricaoSocial': '', 'nome': 'MERCADO PAGO INSTITUICAO DE PAGAMENTO LTDA', 'razaoSocialReceita': 'MERCADO PAGO INSTITUICAO DE PAGAMENTO LTDA', 'nomeFantasiaReceita': '', 'tipo': 'Entidades Empresariais Privadas'}","{'codigo': '155645', 'nome': 'IFMG/CAMPUS RIBEIRAO DAS NEVES', 'descricaoPoder': 'EXECUTIVO', 'orgaoVinculado': {'codigoSIAFI': '26409', 'cnpj': '10626896000172', 'sigla': 'IFMG', 'nome': 'Instituto Federal de Educação, Ciência e Tecnologia de Minas Gerais'}, 'orgaoMaximo': {'codigo': '26000', 'sigla': 'MEC', 'nome': 'Ministério da Educação'}}","{'cpfFormatado': '', 'nis': '', 'nome': 'NAO SE APLICA'}",07/2022,1
508120364,04/2023,02/03/2023,"1.019,48","{'id': 2, 'codigo': '2', 'descricao': 'Cartão de Pagamento de Compras Centralizadas - CPCC'}","{'id': 7019538, 'cpfFormatado': '', 'cnpjFormatado': '17.155.342/0006-98', 'numeroInscricaoSocial': '', 'nome': 'LOJA ELETRICA LTDA', 'razaoSocialReceita': 'LOJA ELETRICA LTDA', 'nomeFantasiaReceita': '', 'tipo': 'Entidades Empresariais Privadas'}","{'codigo': '155645', 'nome': 'IFMG/CAMPUS RIBEIRAO DAS NEVES', 'descricaoPoder': 'EXECUTIVO', 'orgaoVinculado': {'codigoSIAFI': '26409', 'cnpj': '10626896000172', 'sigla': 'IFMG', 'nome': 'Instituto Federal de Educação, Ciência e Tecnologia de Minas Gerais'}, 'orgaoMaximo': {'codigo': '26000', 'sigla': 'MEC', 'nome': 'Ministério da Educação'}}","{'cpfFormatado': '', 'nis': '', 'nome': 'NAO SE APLICA'}",07/2022,1
508120428,04/2023,02/03/2023,"837,09","{'id': 2, 'codigo': '2', 'descricao': 'Cartão de Pagamento de Compras Centralizadas - CPCC'}","{'id': 8019398, 'cpfFormatado': '', 'cnpjFormatado': '17.359.233/0012-30', 'numeroInscricaoSocial': '', 'nome': 'TECIDOS E ARMARINHOS MIGUEL BARTOLOMEU S/A', 'razaoSocialReceita': 'TECIDOS E ARMARINHOS MIGUEL BARTOLOMEU S/A', 'nomeFantasiaReceita': 'TAMBASA ATACADISTAS', 'tipo': 'Entidades Empresariais Privadas'}","{'codigo': '155645', 'nome': 'IFMG/CAMPUS RIBEIRAO DAS NEVES', 'descricaoPoder': 'EXECUTIVO', 'orgaoVinculado': {'codigoSIAFI': '26409', 'cnpj': '10626896000172', 'sigla': 'IFMG', 'nome': 'Instituto Federal de Educação, Ciência e Tecnologia de Minas Gerais'}, 'orgaoMaximo': {'codigo': '26000', 'sigla': 'MEC', 'nome': 'Ministério da Educação'}}","{'cpfFormatado': '', 'nis': '', 'nome': 'NAO SE APLICA'}",07/2022,1
508582314,06/2023,28/04/2023,"1.760,00","{'id': 2, 'codigo': '2', 'descricao': 'Cartão de Pagamento de Compras Centralizadas - CPCC'}","{'id': -1, 'cpfFormatado': '', 'cnpjFormatado': '', 'numeroInscricaoSocial': '', 'nome': 'SEM INFORMACAO', 'razaoSocialReceita': 'SEM INFORMACAO', 'nomeFantasiaReceita': 'SEM INFORMACAO', 'tipo': 'Sem Informação'}","{'codigo': '155645', 'nome': 'IFMG/CAMPUS RIBEIRAO DAS NEVES', 'descricaoPoder': 'EXECUTIVO', 'orgaoVinculado': {'codigoSIAFI': '26409', 'cnpj': '10626896000172', 'sigla': 'IFMG', 'nome': 'Instituto Federal de Educação, Ciência e Tecnologia de Minas Gerais'}, 'orgaoMaximo': {'codigo': '26000', 'sigla': 'MEC', 'nome': 'Ministério da Educação'}}","{'cpfFormatado': '', 'nis': '', 'nome': 'NAO SE APLICA'}",07/2022,2
536127168,05/2023,03/04/2023,"290,00","{'id': 2, 'codigo': '2', 'descricao': 'Cartão de Pagamento de Compras Centralizadas - CPCC'}","{'id': 1319632, 'cpfFormatado': '', 'cnpjFormatado': '17.477.076/0001-05', 'numeroInscricaoSocial': '', 'nome': 'EMAC COMERCIAL LTDA', 'razaoSocialReceita': 'EMAC COMERCIAL LTDA', 'nomeFantasiaReceita': '', 'tipo': 'Entidades Empresariais Privadas'}","{'codigo': '155645', 'nome': 'IFMG/CAMPUS RIBEIRAO DAS NEVES', 'descricaoPoder': 'EXECUTIVO', 'orgaoVinculado': {'codigoSIAFI': '26409', 'cnpj': '10626896000172', 'sigla': 'IFMG', 'nome': 'Instituto Federal de Educação, Ciência e Tecnologia de Minas Gerais'}, 'orgaoMaximo': {'codigo': '26000', 'sigla': 'MEC', 'nome': 'Ministério da Educação'}}","{'cpfFormatado': '', 'nis': '', 'nome': 'NAO SE APLICA'}",07/2022,2
491826174,06/2024,15/05/2024,"457,00","{'id': 2, 'codigo': '2', 'descricao': 'Cartão de Pagamento de Compras Centralizadas - CPCC'}","{'id': -1, 'cpfFormatado': '', 'cnpjFormatado': '', 'numeroInscricaoSocial': '', 'nome': 'SEM INFORMACAO', 'razaoSocialReceita': 'SEM INFORMACAO', 'nomeFantasiaReceita': 'SEM INFORMACAO', 'tipo': 'Sem Informação'}","{'codigo': '155895', 'nome': 'IFPB - CAMPUS CATOLE DO ROCHA', 'descricaoPoder': 'EXECUTIVO', 'orgaoVinculado': {'codigoSIAFI': '26417', 'cnpj': '10783898000175', 'sigla': 'IFPB', 'nome': 'Instituto Federal de Educação, Ciência e Tecnologia da Paraíba'}, 'orgaoMaximo': {'codigo': '26000', 'sigla': 'MEC', 'nome': 'Ministério da Educação'}}","{'cpfFormatado': '', 'nis': '', 'nome': 'NAO SE APLICA'}",07/2023,1
495555987,06/2024,20/05/2024,"591,00","{'id': 2, 'codigo': '2', 'descricao': 'Cartão de Pagamento de Compras Centralizadas - CPCC'}","{'id': 200860483, 'cpfFormatado': '***.441.804-**', 'cnpjFormatado': '', 'numeroInscricaoSocial': '', 'nome': 'WILLIAN NAJARIO FERREIRA DE ASSIS', 'razaoSocialReceita': '', 'nomeFantasiaReceita': '', 'tipo': 'Pessoa Física'}","{'codigo': '155895', 'nome': 'IFPB - CAMPUS CATOLE DO ROCHA', 'descricaoPoder': 'EXECUTIVO', 'orgaoVinculado': {'codigoSIAFI': '26417', 'cnpj': '10783898000175', 'sigla': 'IFPB', 'nome': 'Instituto Federal de Educação, Ciência e Tecnologia da Paraíba'}, 'orgaoMaximo': {'codigo': '26000', 'sigla': 'MEC', 'nome': 'Ministério da Educação'}}","{'cpfFormatado': '', 'nis': '', 'nome': 'NAO SE APLICA'}",07/2023,1
495556051,06/2024,20/05/2024,"444,00","{'id': 2, 'codigo': '2', 'descricao': 'Cartão de Pagamento de Compras Centralizadas - CPCC'}","{'id': 605807064, 'cpfFormatado': '***.263.124-**', 'cnpjFormatado': '', 'numeroInscricaoSocial': '', 'nome': 'JUAREZ RAIMUNDO MAIA', 'razaoSocialReceita': '', 'nomeFantasiaReceita': '', 'tipo': 'Pessoa Física'}","{'codigo': '155895', 'nome': 'IFPB - CAMPUS CATOLE DO ROCHA', 'descricaoPoder': 'EXECUTIVO', 'orgaoVinculado': {'codigoSIAFI': '26417', 'cnpj': '10783898000175', 'sigla': 'IFPB', 'nome': 'Instituto Federal de Educação, Ciência e Tecnologia da Paraíba'}, 'orgaoMaximo': {'codigo': '26000', 'sigla': 'MEC', 'nome': 'Ministério da Educação'}}","{'cpfFormatado': '', 'nis': '', 'nome': 'NAO SE APLICA'}",07/2023,1
496124521,12/2023,30/10/2023,"180,00","{'id': 2, 'codigo': '2', 'descricao': 'Cartão de Pagamento de Compras Centralizadas - CPCC'}","{'id': -1, 'cpfFormatado': '', 'cnpjFormatado': '', 'numeroInscricaoSocial': '', 'nome': 'SEM INFORMACAO', 'razaoSocialReceita': 'SEM INFORMACAO', 'nomeFantasiaReceita': 'SEM INFORMACAO', 'tipo': 'Sem Informação'}","{'codigo': '155895', 'nome': 'IFPB - CAMPUS CATOLE DO ROCHA', 'descricaoPoder': 'EXECUTIVO', 'orgaoVinculado': {'codigoSIAFI': '26417', 'cnpj': '10783898000175', 'sigla': 'IFPB', 'nome': 'Instituto Federal de Educação, Ciência e Tecnologia da Paraíba'}, 'orgaoMaximo': {'codigo': '26000', 'sigla': 'MEC', 'nome': 'Ministério da Educação'}}","{'cpfFormatado': '', 'nis': '', 'nome': 'NAO SE APLICA'}",07/2023,1
496366032,10/2023,30/08/2023,"275,01","{'id': 2, 'codigo': '2', 'descricao': 'Cartão de Pagamento de Compras Centralizadas - CPCC'}","{'id': 7919539, 'cpfFormatado': '', 'cnpjFormatado': '01.086.152/0001-11', 'numeroInscricaoSocial': '', 'nome': 'LUIS AUGUSTO DE LIMA MACHADO', 'razaoSocialReceita': 'LUIS AUGUSTO DE LIMA MACHADO', 'nomeFantasiaReceita': 'GUTO EMBALAGENS', 'tipo': 'Entidades Empresariais Privadas'}","{'codigo': '160369', 'nome': '3º GRUPO DE ARTILHARIA ANTIAEREA', 'descricaoPoder': 'EXECUTIVO', 'orgaoVinculado': {'codigoSIAFI': '52121', 'cnpj': '00394452000103', 'sigla': 'CMDO EXÉRCITO', 'nome': 'Comando do Exército'}, 'orgaoMaximo': {'codigo': '52000', 'sigla': 'DEFESA', 'nome': 'Ministério da Defesa'}}","{'cpfFormatado': '', 'nis': '', 'nome': 'NAO SE APLICA'}",07/2023,1
496366096,10/2023,30/08/2023,"180,00","{'id': 2, 'codigo': '2', 'descricao': 'Cartão de Pagamento de Compras Centralizadas - CPCC'}","{'id': 95257187, 'cpfFormatado': '', 'cnpjFormatado': '09.449.386/0001-98', 'numeroInscricaoSocial': '', 'nome': 'GLOBAL INFORMATICA E SERVICOS LTDA', 'razaoSocialReceita': 'GLOBAL INFORMATICA E SERVICOS LTDA', 'nomeFantasiaReceita': 'GLOBAL INFORMATICA E SERVICOS', 'tipo': 'Entidades Empresariais Privadas'}","{'codigo': '160369', 'nome': '3º GRUPO DE ARTILHARIA ANTIAEREA', 'descricaoPoder': 'EXECUTIVO', 'orgaoVinculado': {'codigoSIAFI': '52121', 'cnpj': '00394452000103', 'sigla': 'CMDO EXÉRCITO', 'nome': 'Comando do Exército'}, 'orgaoMaximo': {'codigo': '52000', 'sigla': 'DEFESA', 'nome': 'Ministério da Defesa'}}","{'cpfFormatado': '', 'nis': '', 'nome': 'NAO SE APLICA'}",07/2023,1
496366160,10/2023,30/08/2023,"22,00","{'id': 2, 'codigo': '2', 'descricao': 'Cartão de Pagamento de Compras Centralizadas - CPCC'}","{'id': 365917275, 'cpfFormatado': '', 'cnpjFormatado': '07.673.524/0001-92', 'numeroInscricaoSocial': '', 'nome': 'R & F COMERCIO DE EQUIPAMENTOS DE INFORMATICA LTDA.', 'razaoSocialReceita': 'R & F COMERCIO DE EQUIPAMENTOS DE INFORMATICA LTDA.', 'nomeFantasiaReceita': '', 'tipo': 'Entidades Empresariais Privadas'}","{'codigo': '160369', 'nome': '3º GRUPO DE ARTILHARIA ANTIAEREA', 'descricaoPoder': 'EXECUTIVO', 'orgaoVinculado': {'codigoSIAFI': '52121', 'cnpj': '00394452000103', 'sigla': 'CMDO EXÉRCITO', 'nome': 'Comando do Exército'}, 'orgaoMaximo': {'codigo': '52000', 'sigla': 'DEFESA', 'nome': 'Ministério da Defesa'}}","{'cpfFormatado': '', 'nis': '', 'nome': 'NAO SE APLICA'}",07/2023,1
499447205,04/2024,14/03/2024,"49,90","{'id': 2, 'codigo': '2', 'descricao': 'Cartão de Pagamento de Compras Centralizadas - CPCC'}","{'id': -1, 'cpfFormatado': '', 'cnpjFormatado': '', 'numeroInscricaoSocial': '', 'nome': 'SEM INFORMACAO', 'razaoSocialReceita': 'SEM INFORMACAO', 'nomeFantasiaReceita': 'SEM INFORMACAO', 'tipo': 'Sem Informação'}","{'codigo': '155895', 'nome': 'IFPB - CAMPUS CATOLE DO ROCHA', 'descricaoPoder': 'EXECUTIVO', 'orgaoVinculado': {'codigoSIAFI': '26417', 'cnpj': '10783898000175', 'sigla': 'IFPB', 'nome': 'Instituto Federal de Educação, Ciência e Tecnologia da Paraíba'}, 'orgaoMaximo': {'codigo': '26000', 'sigla': 'MEC', 'nome': 'Ministério da Educação'}}","{'cpfFormatado': '', 'nis': '', 'nome': 'NAO SE APLICA'}",07/2023,1
499447269,04/2024,14/03/2024,"222,00","{'id': 2, 'codigo': '2', 'descricao': 'Cartão de Pagamento de Compras Centralizadas - CPCC'}","{'id': 409618126, 'cpfFormatado': '', 'cnpjFormatado': '12.910.246/0001-80', 'numeroInscricaoSocial': '', 'nome': 'COMERCIAL ANDRADE DE BRITO LTDA', 'razaoSocialReceita': 'COMERCIAL ANDRADE DE BRITO LTDA', 'nomeFantasiaReceita': 'CASA DO CONSTRUTOR', 'tipo': 'Entidades Empresariais Privadas'}","{'codigo': '155895', 'nome': 'IFPB - CAMPUS CATOLE DO ROCHA', 'descricaoPoder': 'EXECUTIVO', 'orgaoVinculado': {'codigoSIAFI': '26417', 'cnpj': '10783898000175', 'sigla': 'IFPB', 'nome': 'Instituto Federal de Educação, Ciência e Tecnologia da Paraíba'}, 'orgaoMaximo': {'codigo': '26000', 'sigla': 'MEC', 'nome': 'Ministério da Educação'}}","{'cpfFormatado': '', 'nis': '', 'nome': 'NAO SE APLICA'}",07/2023,1
503964022,12/2023,14/11/2023,"650,00","{'id': 2, 'codigo': '2', 'descricao': 'Cartão de Pagamento de Compras Centralizadas - CPCC'}","{'id': 19641543, 'cpfFormatado': '', 'cnpjFormatado': '18.727.053/0001-74', 'numeroInscricaoSocial': '', 'nome': 'PAGAR.ME S.A.', 'razaoSocialReceita': 'PAGAR.ME S.A.', 'nomeFantasiaReceita': 'PAGAR.ME PAGAMENTOS', 'tipo': 'Entidades Empresariais Privadas'}","{'codigo': '155895', 'nome': 'IFPB - CAMPUS CATOLE DO ROCHA', 'descricaoPoder': 'EXECUTIVO', 'orgaoVinculado': {'codigoSIAFI': '26417', 'cnpj': '10783898000175', 'sigla': 'IFPB', 'nome': 'Instituto Federal de Educação, Ciência e Tecnologia da Paraíba'}, 'orgaoMaximo': {'codigo': '26000', 'sigla': 'MEC', 'nome': 'Ministério da Educação'}}","{'cpfFormatado': '', 'nis': '', 'nome': 'NAO SE APLICA'}",07/2023,1
506161217,09/2023,26/08/2023,"489,20","{'id': 2, 'codigo': '2', 'descricao': 'Cartão de Pagamento de Compras Centralizadas - CPCC'}","{'id': 598418493, 'cpfFormatado': '', 'cnpjFormatado': '46.477.084/0001-50', 'numeroInscricaoSocial': '', 'nome': 'DENARDIN & DENARDIN COMERCIO DE COMBUSTIVEIS LTDA', 'razaoSocialReceita': 'DENARDIN & DENARDIN COMERCIO DE COMBUSTIVEIS LTDA', 'nomeFantasiaReceita': '', 'tipo': 'Entidades Empresariais Privadas'}","{'codigo': '160369', 'nome': '3º GRUPO DE ARTILHARIA ANTIAEREA', 'descricaoPoder': 'EXECUTIVO', 'orgaoVinculado': {'codigoSIAFI': '52121', 'cnpj': '00394452000103', 'sigla': 'CMDO EXÉRCITO', 'nome': 'Comando do Exército'}, 'orgaoMaximo': {'codigo': '52000', 'sigla': 'DEFESA', 'nome': 'Ministério da Defesa'}}","{'cpfFormatado': '', 'nis': '', 'nome': 'NAO SE APLICA'}",07/2023,1
506161281,04/2024,04/03/2024,"130,00","{'id': 2, 'codigo': '2', 'descricao': 'Cartão de Pagamento de Compras Centralizadas - CPCC'}","{'id': 19641543, 'cpfFormatado': '', 'cnpjFormatado': '18.727.053/0001-74', 'numeroInscricaoSocial': '', 'nome': 'PAGAR.ME S.A.', 'razaoSocialReceita': 'PAGAR.ME S.A.', 'nomeFantasiaReceita': 'PAGAR.ME PAGAMENTOS', 'tipo': 'Entidades Empresariais Privadas'}","{'codigo': '155895', 'nome': 'IFPB - CAMPUS CATOLE DO ROCHA', 'descricaoPoder': 'EXECUTIVO', 'orgaoVinculado': {'codigoSIAFI': '26417', 'cnpj': '10783898000175', 'sigla': 'IFPB', 'nome': 'Instituto Federal de Educação, Ciência e Tecnologia da Paraíba'}, 'orgaoMaximo': {'codigo': '26000', 'sigla': 'MEC', 'nome': 'Ministério da Educação'}}","{'cpfFormatado': '', 'nis': '', 'nome': 'NAO SE APLICA'}",07/2023,1
506161345,04/2024,04/03/2024,"80,00","{'id': 2, 'codigo': '2', 'descricao': 'Cartão de Pagamento de Compras Centralizadas - CPCC'}","{'id': 409618126, 'cpfFormatado': '', 'cnpjFormatado': '12.910.246/0001-80', 'numeroInscricaoSocial': '', 'nome': 'COMERCIAL ANDRADE DE BRITO LTDA', 'razaoSocialReceita': 'COMERCIAL ANDRADE DE BRITO LTDA', 'nomeFantasiaReceita': 'CASA DO CONSTRUTOR', 'tipo': 'Entidades Empresariais Privadas'}","{'codigo': '155895', 'nome': 'IFPB - CAMPUS CATOLE DO ROCHA', 'descricaoPoder': 'EXECUTIVO', 'orgaoVinculado': {'codigoSIAFI': '26417', 'cnpj': '10783898000175', 'sigla': 'IFPB', 'nome': 'Instituto Federal de Educação, Ciência e Tecnologia da Paraíba'}, 'orgaoMaximo': {'codigo': '26000', 'sigla': 'MEC', 'nome': 'Ministério da Educação'}}","{'cpfFormatado': '', 'nis': '', 'nome': 'NAO SE APLICA'}",07/2023,1
508120492,10/2023,29/08/2023,"1.122,86","{'id': 2, 'codigo': '2', 'descricao': 'Cartão de Pagamento de Compras Centralizadas - CPCC'}","{'id': 8519088, 'cpfFormatado': '', 'cnpjFormatado': '89.897.201/0013-80', 'numeroInscricaoSocial': '', 'nome': 'RIGHI COMERCIO DE GENEROS ALIMENTICIOS LIMITADA', 'razaoSocialReceita': 'RIGHI COMERCIO DE GENEROS ALIMENTICIOS LIMITADA', 'nomeFantasiaReceita': '', 'tipo': 'Entidades Empresariais Privadas'}","{'codigo': '160369', 'nome': '3º GRUPO DE ARTILHARIA ANTIAEREA', 'descricaoPoder': 'EXECUTIVO', 'orgaoVinculado': {'codigoSIAFI': '52121', 'cnpj': '00394452000103', 'sigla': 'CMDO EXÉRCITO', 'nome': 'Comando do Exército'}, 'orgaoMaximo': {'codigo': '52000', 'sigla': 'DEFESA', 'nome': 'Ministério da Defesa'}}","{'cpfFormatado': '', 'nis': '', 'nome': 'NAO SE APLICA'}",07/2023,1
508120556,10/2023,29/08/2023,"680,00","{'id': 2, 'codigo': '2', 'descricao': 'Cartão de Pagamento de Compras Centralizadas - CPCC'}","{'id': 172516953, 'cpfFormatado': '', 'cnpjFormatado': '33.474.767/0001-01', 'numeroInscricaoSocial': '', 'nome': 'TIFA IMPORTACAO E EXPORTACAO DE CONFECCOES LTDA', 'razaoSocialReceita': 'TIFA IMPORTACAO E EXPORTACAO DE CONFECCOES LTDA', 'nomeFantasiaReceita': 'TIFA IMPORTACAO E EXPORTACAO', 'tipo': 'Entidades Empresariais Privadas'}","{'codigo': '160369', 'nome': '3º GRUPO DE ARTILHARIA ANTIAEREA', 'descricaoPoder': 'EXECUTIVO', 'orgaoVinculado': {'codigoSIAFI': '52121', 'cnpj': '00394452000103', 'sigla': 'CMDO EXÉRCITO', 'nome': 'Comando do Exército'}, 'orgaoMaximo': {'codigo': '52000', 'sigla': 'DEFESA', 'nome': 'Ministério da Defesa'}}","{'cpfFormatado': '', 'nis': '', 'nome': 'NAO SE APLICA'}",07/2023,1
508120620,10/2023,29/08/2023,"1.110,00","{'id': 2, 'codigo': '2', 'descricao': 'Cartão de Pagamento de Compras Centralizadas - CPCC'}","{'id': 339630478, 'cpfFormatado': '', 'cnpjFormatado': '07.103.189/0001-97', 'numeroInscricaoSocial': '', 'nome': 'ADOLAR DOS SANTOS BRUM', 'razaoSocialReceita': 'ADOLAR DOS SANTOS BRUM', 'nomeFantasiaReceita': '', 'tipo': 'Entidades Empresariais Privadas'}","{'codigo': '160369', 'nome': '3º GRUPO DE ARTILHARIA ANTIAEREA', 'descricaoPoder': 'EXECUTIVO', 'orgaoVinculado': {'codigoSIAFI': '52121', 'cnpj': '00394452000103', 'sigla': 'CMDO EXÉRCITO', 'nome': 'Comando do Exército'}, 'orgaoMaximo': {'codigo': '52000', 'sigla': 'DEFESA', 'nome': 'Ministério da Defesa'}}","{'cpfFormatado': '', 'nis': '', 'nome': 'NAO SE APLICA'}",07/2023,2
509753052,10/2023,31/08/2023,"577,72","{'id': 2, 'codigo': '2', 'descricao': 'Cartão de Pagamento de Compras Centralizadas - CPCC'}","{'id': 8519088, 'cpfFormatado': '', 'cnpjFormatado': '89.897.201/0013-80', 'numeroInscricaoSocial': '', 'nome': 'RIGHI COMERCIO DE GENEROS ALIMENTICIOS LIMITADA', 'razaoSocialReceita': 'RIGHI COMERCIO DE GENEROS ALIMENTICIOS LIMITADA', 'nomeFantasiaReceita': '', 'tipo': 'Entidades Empresariais Privadas'}","{'codigo': '160369', 'nome': '3º GRUPO DE ARTILHARIA ANTIAEREA', 'descricaoPoder': 'EXECUTIVO', 'orgaoVinculado': {'codigoSIAFI': '52121', 'cnpj': '00394452000103', 'sigla': 'CMDO EXÉRCITO', 'nome': 'Comando do Exército'}, 'orgaoMaximo': {'codigo': '52000', 'sigla': 'DEFESA', 'nome': 'Ministério da Defesa'}}","{'cpfFormatado': '', 'nis': '', 'nome': 'NAO SE APLICA'}",07/2023,2
509753116,10/2023,31/08/2023,"142,00","{'id': 2, 'codigo': '2', 'descricao': 'Cartão de Pagamento de Compras Centralizadas - CPCC'}","{'id': 604917653, 'cpfFormatado': '', 'cnpjFormatado': '43.559.652/0001-73', 'numeroInscricaoSocial': '', 'nome': 'PACRIVIDROS LTDA', 'razaoSocialReceita': 'PACRIVIDROS LTDA', 'nomeFantasiaReceita': '', 'tipo': 'Entidades Empresariais Privadas'}","{'codigo': '160369', 'nome': '3º GRUPO DE ARTILHARIA ANTIAEREA', 'descricaoPoder': 'EXECUTIVO', 'orgaoVinculado': {'codigoSIAFI': '52121', 'cnpj': '00394452000103', 'sigla': 'CMDO EXÉRCITO', 'nome': 'Comando do Exército'}, 'orgaoMaximo': {'codigo': '52000', 'sigla': 'DEFESA', 'nome': 'Ministério da Defesa'}}","{'cpfFormatado': '', 'nis': '', 'nome': 'NAO SE APLICA'}",07/2023,2
512329606,01/2024,28/11/2023,"190,00","{'id': 2, 'codigo': '2', 'descricao': 'Cartão de Pagamento de Compras Centralizadas - CPCC'}","{'id': 564516980, 'cpfFormatado': '', 'cnpjFormatado': '01.976.704/0001-67', 'numeroInscricaoSocial': '', 'nome': 'SYNCTECH SOLUCOES EM INFORMATICA LTDA', 'razaoSocialReceita': 'SYNCTECH SOLUCOES EM INFORMATICA LTDA', 'nomeFantasiaReceita': '', 'tipo': 'Entidades Empresariais Privadas'}","{'codigo': '155895', 'nome': 'IFPB - CAMPUS CATOLE DO ROCHA', 'descricaoPoder': 'EXECUTIVO', 'orgaoVinculado': {'codigoSIAFI': '26417', 'cnpj': '10783898000175', 'sigla': 'IFPB', 'nome': 'Instituto Federal de Educação, Ciência e Tecnologia da Paraíba'}, 'orgaoMaximo': {'codigo': '26000', 'sigla': 'MEC', 'nome': 'Ministério da Educação'}}","{'cpfFormatado': '', 'nis': '', 'nome': 'NAO SE APLICA'}",07/2023,2
512329670,01/2024,28/11/2023,"190,00","{'id': 2, 'codigo': '2', 'descricao': 'Cartão de Pagamento de Compras Centralizadas - CPCC'}","{'id': 564516980, 'cpfFormatado': '', 'cnpjFormatado': '01.976.704/0001-67', 'numeroInscricaoSocial': '', 'nome': 'SYNCTECH SOLUCOES EM INFORMATICA LTDA', 'razaoSocialReceita': 'SYNCTECH SOLUCOES EM INFORMATICA LTDA', 'nomeFantasiaReceita': '', 'tipo': 'Entidades Empresariais Privadas'}","{'codigo': '155895', 'nome': 'IFPB - CAMPUS CATOLE DO ROCHA', 'descricaoPoder': 'EXECUTIVO', 'orgaoVinculado': {'codigoSIAFI': '26417', 'cnpj': '10783898000175', 'sigla': 'IFPB', 'nome': 'Instituto Federal de Educação, Ciência e Tecnologia da Paraíba'}, 'orgaoMaximo': {'codigo': '26000', 'sigla': 'MEC', 'nome': 'Ministério da Educação'}}","{'cpfFormatado': '', 'nis': '', 'nome': 'NAO SE APLICA'}",07/2023,2
512329734,01/2024,28/11/2023,"190,00","{'id': 2, 'codigo': '2', 'descricao': 'Cartão de Pagamento de Compras Centralizadas - CPCC'}","{'id': 564516980, 'cpfFormatado': '', 'cnpjFormatado': '01.976.704/0001-67', 'numeroInscricaoSocial': '', 'nome': 'SYNCTECH SOLUCOES EM INFORMATICA LTDA', 'razaoSocialReceita': 'SYNCTECH SOLUCOES EM INFORMATICA LTDA', 'nomeFantasiaReceita': '', 'tipo': 'Entidades Empresariais Privadas'}","{'codigo': '155895', 'nome': 'IFPB - CAMPUS CATOLE DO ROCHA', 'descricaoPoder': 'EXECUTIVO', 'orgaoVinculado': {'codigoSIAFI': '26417', 'cnpj': '10783898000175', 'sigla': 'IFPB', 'nome': 'Instituto Federal de Educação, Ciência e Tecnologia da Paraíba'}, 'orgaoMaximo': {'codigo': '26000', 'sigla': 'MEC', 'nome': 'Ministério da Educação'}}","{'cpfFormatado': '', 'nis': '', 'nome': 'NAO SE APLICA'}",07/2023,2
512329798,01/2024,28/11/2023,"1.121,50","{'id': 2, 'codigo': '2', 'descricao': 'Cartão de Pagamento de Compras Centralizadas - CPCC'}","{'id': 605016566, 'cpfFormatado': '', 'cnpjFormatado': '34.322.551/0001-93', 'numeroInscricaoSocial': '', 'nome': 'EMILIANA E LOUISE COMERCIO VAREJISTA DE MEDICAMENTOS LTDA', 'razaoSocialReceita': 'EMILIANA E LOUISE COMERCIO VAREJISTA DE MEDICAMENTOS LTDA', 'nomeFantasiaReceita': 'NOSSAFARMA', 'tipo': 'Entidades Empresariais Privadas'}","{'codigo': '155895', 'nome': 'IFPB - CAMPUS CATOLE DO ROCHA', 'descricaoPoder': 'EXECUTIVO', 'orgaoVinculado': {'codigoSIAFI': '26417', 'cnpj': '10783898000175', 'sigla': 'IFPB', 'nome': 'Instituto Federal de Educação, Ciência e Tecnologia da Paraíba'}, 'orgaoMaximo': {'codigo': '26000', 'sigla': 'MEC', 'nome': 'Ministério da Educação'}}","{'cpfFormatado': '', 'nis': '', 'nome': 'NAO SE APLICA'}",07/2023,2
513883568,09/2023,25/08/2023,"5,00","{'id': 2, 'codigo': '2', 'descricao': 'Cartão de Pagamento de Compras Centralizadas - CPCC'}","{'id': 23841121, 'cpfFormatado': '', 'cnpjFormatado': '97.343.834/0001-31', 'numeroInscricaoSocial': '', 'nome': 'FIORIO & CIA LTDA', 'razaoSocialReceita': 'FIORIO & CIA LTDA', 'nomeFantasiaReceita': '', 'tipo': 'Entidades Empresariais Privadas'}","{'codigo': '160369', 'nome': '3º GRUPO DE ARTILHARIA ANTIAEREA', 'descricaoPoder': 'EXECUTIVO', 'orgaoVinculado': {'codigoSIAFI': '52121', 'cnpj': '00394452000103', 'sigla': 'CMDO EXÉRCITO', 'nome': 'Comando do Exército'}, 'orgaoMaximo': {'codigo': '52000', 'sigla': 'DEFESA', 'nome': 'Ministério da Defesa'}}","{'cpfFormatado': '', 'nis': '', 'nome': 'NAO SE APLICA'}",07/2023,2
513883632,11/2023,24/10/2023,"107,00","{'id': 2, 'codigo': '2', 'descricao': 'Cartão de Pagamento de Compras Centralizadas - CPCC'}","{'id': 409618126, 'cpfFormatado': '', 'cnpjFormatado': '12.910.246/0001-80', 'numeroInscricaoSocial': '', 'nome': 'COMERCIAL ANDRADE DE BRITO LTDA', 'razaoSocialReceita': 'COMERCIAL ANDRADE DE BRITO LTDA', 'nomeFantasiaReceita': 'CASA DO CONSTRUTOR', 'tipo': 'Entidades Empresariais Privadas'}","{'codigo': '155895', 'nome': 'IFPB - CAMPUS CATOLE DO ROCHA', 'descricaoPoder': 'EXECUTIVO', 'orgaoVinculado': {'codigoSIAFI': '26417', 'cnpj': '10783898000175', 'sigla': 'IFPB', 'nome': 'Instituto Federal de Educação, Ciência e Tecnologia da Paraíba'}, 'orgaoMaximo': {'codigo': '26000', 'sigla': 'MEC', 'nome': 'Ministério da Educação'}}","{'cpfFormatado': '', 'nis': '', 'nome': 'NAO SE APLICA'}",07/2023,2
517004933,04/2024,01/03/2024,"300,00","{'id': 2, 'codigo': '2', 'descricao': 'Cartão de Pagamento de Compras Centralizadas - CPCC'}","{'id': 19641543, 'cpfFormatado': '', 'cnpjFormatado': '18.727.053/0001-74', 'numeroInscricaoSocial': '', 'nome': 'PAGAR.ME S.A.', 'razaoSocialReceita': 'PAGAR.ME S.A.', 'nomeFantasiaReceita': 'PAGAR.ME PAGAMENTOS', 'tipo': 'Entidades Empresariais Privadas'}","{'codigo': '155895', 'nome': 'IFPB - CAMPUS CATOLE DO ROCHA', 'descricaoPoder': 'EXECUTIVO', 'orgaoVinculado': {'codigoSIAFI': '26417', 'cnpj': '10783898000175', 'sigla': 'IFPB', 'nome': 'Instituto Federal de Educação, Ciência e Tecnologia da Paraíba'}, 'orgaoMaximo': {'codigo': '26000', 'sigla': 'MEC', 'nome': 'Ministério da Educação'}}","{'cpfFormatado': '', 'nis': '', 'nome': 'NAO SE APLICA'}",07/2023,2
523111161,06/2024,21/05/2024,"597,60","{'id': 2, 'codigo': '2', 'descricao': 'Cartão de Pagamento de Compras Centralizadas - CPCC'}","{'id': 605811000, 'cpfFormatado': '***.737.204-**', 'cnpjFormatado': '', 'numeroInscricaoSocial': '', 'nome': 'ORIEDSON GARRIDO NOBREGA', 'razaoSocialReceita': '', 'nomeFantasiaReceita': '', 'tipo': 'Pessoa Física'}","{'codigo': '155895', 'nome': 'IFPB - CAMPUS CATOLE DO ROCHA', 'descricaoPoder': 'EXECUTIVO', 'orgaoVinculado': {'codigoSIAFI': '26417', 'cnpj': '10783898000175', 'sigla': 'IFPB', 'nome': 'Instituto Federal de Educação, Ciência e Tecnologia da Paraíba'}, 'orgaoMaximo': {'codigo': '26000', 'sigla': 'MEC', 'nome': 'Ministério da Educação'}}","{'cpfFormatado': '', 'nis': '', 'nome': 'NAO SE APLICA'}",07/2023,2
524745709,04/2024,27/02/2024,"130,00","{'id': 2, 'codigo': '2', 'descricao': 'Cartão de Pagamento de Compras Centralizadas - CPCC'}","{'id': 409618126, 'cpfFormatado': '', 'cnpjFormatado': '12.910.246/0001-80', 'numeroInscricaoSocial': '', 'nome': 'COMERCIAL ANDRADE DE BRITO LTDA', 'razaoSocialReceita': 'COMERCIAL ANDRADE DE BRITO LTDA', 'nomeFantasiaReceita': 'CASA DO CONSTRUTOR', 'tipo': 'Entidades Empresariais Privadas'}","{'codigo': '155895', 'nome': 'IFPB - CAMPUS CATOLE DO ROCHA', 'descricaoPoder': 'EXECUTIVO', 'orgaoVinculado': {'codigoSIAFI': '26417', 'cnpj': '10783898000175', 'sigla': 'IFPB', 'nome': 'Instituto Federal de Educação, Ciência e Tecnologia da Paraíba'}, 'orgaoMaximo': {'codigo': '26000', 'sigla': 'MEC', 'nome': 'Ministério da Educação'}}","{'cpfFormatado': '', 'nis': '', 'nome': 'NAO SE APLICA'}",07/2023,2
575252705,03/2024,09/02/2024,"10,50","{'id': 2, 'codigo': '2', 'descricao': 'Cartão de Pagamento de Compras Centralizadas - CPCC'}","{'id': 409618126, 'cpfFormatado': '', 'cnpjFormatado': '12.910.246/0001-80', 'numeroInscricaoSocial': '', 'nome': 'COMERCIAL ANDRADE DE BRITO LTDA', 'razaoSocialReceita': 'COMERCIAL ANDRADE DE BRITO LTDA', 'nomeFantasiaReceita': 'CASA DO CONSTRUTOR', 'tipo': 'Entidades Empresariais Privadas'}","{'codigo': '155895', 'nome': 'IFPB - CAMPUS CATOLE DO ROCHA', 'descricaoPoder': 'EXECUTIVO', 'orgaoVinculado': {'codigoSIAFI': '26417', 'cnpj': '10783898000175', 'sigla': 'IFPB', 'nome': 'Instituto Federal de Educação, Ciência e Tecnologia da Paraíba'}, 'orgaoMaximo': {'codigo': '26000', 'sigla': 'MEC', 'nome': 'Ministério da Educação'}}","{'cpfFormatado': '', 'nis': '', 'nome': 'NAO SE APLICA'}",07/2023,2
488183103,07/2024,18/06/2024,"116,00","{'id': 2, 'codigo': '2', 'descricao': 'Cartão de Pagamento de Compras Centralizadas - CPCC'}","{'id': 605567384, 'cpfFormatado': '', 'cnpjFormatado': '09.082.736/0001-20', 'numeroInscricaoSocial': '', 'nome': 'LOJA DO DIAR COMERCIO VAREJISTA DE MATERIAL PARA CONSTRUCAO LTDA', 'razaoSocialReceita': 'LOJA DO DIAR COMERCIO VAREJISTA DE MATERIAL PARA CONSTRUCAO LTDA', 'nomeFantasiaReceita': 'LOJA DO DIAR', 'tipo': 'Entidades Empresariais Privadas'}","{'codigo': '155895', 'nome': 'IFPB - CAMPUS CATOLE DO ROCHA', 'descricaoPoder': 'EXECUTIVO', 'orgaoVinculado': {'codigoSIAFI': '26417', 'cnpj': '10783898000175', 'sigla': 'IFPB', 'nome': 'Instituto Federal de Educação, Ciência e Tecnologia da Paraíba'}, 'orgaoMaximo': {'codigo': '26000', 'sigla': 'MEC', 'nome': 'Ministério da Educação'}}","{'cpfFormatado': '', 'nis': '', 'nome': 'NAO SE APLICA'}",07/2024,1
496124585,10/2024,24/09/2024,"1.700,00","{'id': 2, 'codigo': '2', 'descricao': 'Cartão de Pagamento de Compras Centralizadas - CPCC'}","{'id': 606298675, 'cpfFormatado': '***.714.657-**', 'cnpjFormatado': '', 'numeroInscricaoSocial': '', 'nome': 'GIVANILTON SANTANA DA ROCHA', 'razaoSocialReceita': '', 'nomeFantasiaReceita': '', 'tipo': 'Pessoa Física'}","{'codigo': '344001', 'nome': 'FUNDACAO CASA DE RUI BARBOSA', 'descricaoPoder': 'EXECUTIVO', 'orgaoVinculado': {'codigoSIAFI': '20403', 'cnpj': '42519488000108', 'sigla': 'Casa de Rui Barbosa', 'nome': 'Fundação Casa de Rui Barbosa'}, 'orgaoMaximo': {'codigo': '42000', 'sigla': 'MINC', 'nome': 'Ministério da Cultura'}}","{'cpfFormatado': '', 'nis': '', 'nome': 'NAO SE APLICA'}",07/2024,1
498957131,11/2024,03/10/2024,"49,90","{'id': 2, 'codigo': '2', 'descricao': 'Cartão de Pagamento de Compras Centralizadas - CPCC'}","{'id': 3919162, 'cpfFormatado': '', 'cnpjFormatado': '02.290.242/0001-92', 'numeroInscricaoSocial': '', 'nome': 'ARTURZAO - SHOPPING DE MATERIAL DE CONSTRUCAO LTDA', 'razaoSocialReceita': 'ARTURZAO - SHOPPING DE MATERIAL DE CONSTRUCAO LTDA', 'nomeFantasiaReceita': '', 'tipo': 'Entidades Empresariais Privadas'}","{'codigo': '344001', 'nome': 'FUNDACAO CASA DE RUI BARBOSA', 'descricaoPoder': 'EXECUTIVO', 'orgaoVinculado': {'codigoSIAFI': '20403', 'cnpj': '42519488000108', 'sigla': 'Casa de Rui Barbosa', 'nome': 'Fundação Casa de Rui Barbosa'}, 'orgaoMaximo': {'codigo': '42000', 'sigla': 'MINC', 'nome': 'Ministério da Cultura'}}","{'cpfFormatado': '', 'nis': '', 'nome': 'NAO SE APLICA'}",07/2024,1
500049048,03/2025,20/02/2025,"1.100,00","{'id': 2, 'codigo': '2', 'descricao': 'Cartão de Pagamento de Compras Centralizadas - CPCC'}","{'id': 28636822, 'cpfFormatado': '', 'cnpjFormatado': '15.477.919/0001-48', 'numeroInscricaoSocial': '', 'nome': 'KEMOL SOLUCOES SUSTENTAVEIS LTDA', 'razaoSocialReceita': 'KEMOL SOLUCOES SUSTENTAVEIS LTDA', 'nomeFantasiaReceita': 'LOMEK - SOLUCOES SUSTENTAVEIS EM TRATAMENTO DE AGUA', 'tipo': 'Entidades Empresariais Privadas'}","{'codigo': '344001', 'nome': 'FUNDACAO CASA DE RUI BARBOSA', 'descricaoPoder': 'EXECUTIVO', 'orgaoVinculado': {'codigoSIAFI': '20403', 'cnpj': '42519488000108', 'sigla': 'Casa de Rui Barbosa', 'nome': 'Fundação Casa de Rui Barbosa'}, 'orgaoMaximo': {'codigo': '42000', 'sigla': 'MINC', 'nome': 'Ministério da Cultura'}}","{'cpfFormatado': '', 'nis': '', 'nome': 'NAO SE APLICA'}",07/2024,1
512783810,10/2024,04/09/2024,"367,18","{'id': 2, 'codigo': '2', 'descricao': 'Cartão de Pagamento de Compras Centralizadas - CPCC'}","{'id': 5519997, 'cpfFormatado': '', 'cnpjFormatado': '08.097.029/0005-79', 'numeroInscricaoSocial': '', 'nome': 'TECIDOS E ARMARINHO 253 COMERCIO VAREJISTA DE TECIDOS E ARTIGOS DE AVIAMENTOS LTDA', 'razaoSocialReceita': 'TECIDOS E ARMARINHO 253 COMERCIO VAREJISTA DE TECIDOS E ARTIGOS DE AVIAMENTOS LTDA', 'nomeFantasiaReceita': 'CACULA', 'tipo': 'Entidades Empresariais Privadas'}","{'codigo': '344001', 'nome': 'FUNDACAO CASA DE RUI BARBOSA', 'descricaoPoder': 'EXECUTIVO', 'orgaoVinculado': {'codigoSIAFI': '20403', 'cnpj': '42519488000108', 'sigla': 'Casa de Rui Barbosa', 'nome': 'Fundação Casa de Rui Barbosa'}, 'orgaoMaximo': {'codigo': '42000', 'sigla': 'MINC', 'nome': 'Ministério da Cultura'}}","{'cpfFormatado': '', 'nis': '', 'nome': 'NAO SE APLICA'}",07/2024,1
512783874,10/2024,04/09/2024,"72,70","{'id': 2, 'codigo': '2', 'descricao': 'Cartão de Pagamento de Compras Centralizadas - CPCC'}","{'id': 6518896, 'cpfFormatado': '', 'cnpjFormatado': '33.031.691/0001-40', 'numeroInscricaoSocial': '', 'nome': 'TAMOIO DENTAL LTDA', 'razaoSocialReceita': 'TAMOIO DENTAL LTDA', 'nomeFantasiaReceita': '', 'tipo': 'Entidades Empresariais Privadas'}","{'codigo': '344001', 'nome': 'FUNDACAO CASA DE RUI BARBOSA', 'descricaoPoder': 'EXECUTIVO', 'orgaoVinculado': {'codigoSIAFI': '20403', 'cnpj': '42519488000108', 'sigla': 'Casa de Rui Barbosa', 'nome': 'Fundação Casa de Rui Barbosa'}, 'orgaoMaximo': {'codigo': '42000', 'sigla': 'MINC', 'nome': 'Ministério da Cultura'}}","{'cpfFormatado': '', 'nis': '', 'nome': 'NAO SE APLICA'}",07/2024,1
512783938,10/2024,04/09/2024,"287,00","{'id': 2, 'codigo': '2', 'descricao': 'Cartão de Pagamento de Compras Centralizadas - CPCC'}","{'id': 7819514, 'cpfFormatado': '', 'cnpjFormatado': '42.416.131/0001-02', 'numeroInscricaoSocial': '', 'nome': 'AVICULTURA PROGRESSO - RIO - LTDA', 'razaoSocialReceita': 'AVICULTURA PROGRESSO - RIO - LTDA', 'nomeFantasiaReceita': 'AVICULTURA PROGRESSO', 'tipo': 'Entidades Empresariais Privadas'}","{'codigo': '344001', 'nome': 'FUNDACAO CASA DE RUI BARBOSA', 'descricaoPoder': 'EXECUTIVO', 'orgaoVinculado': {'codigoSIAFI': '20403', 'cnpj': '42519488000108', 'sigla': 'Casa de Rui Barbosa', 'nome': 'Fundação Casa de Rui Barbosa'}, 'orgaoMaximo': {'codigo': '42000', 'sigla': 'MINC', 'nome': 'Ministério da Cultura'}}","{'cpfFormatado': '', 'nis': '', 'nome': 'NAO SE APLICA'}",07/2024,1
512784002,10/2024,04/09/2024,"430,00","{'id': 2, 'codigo': '2', 'descricao': 'Cartão de Pagamento de Compras Centralizadas - CPCC'}","{'id': 604861762, 'cpfFormatado': '', 'cnpjFormatado': '51.303.134/0001-12', 'numeroInscricaoSocial': '', 'nome': 'RJSS88 QUIMICAFINA LTDA', 'razaoSocialReceita': 'RJSS88 QUIMICAFINA LTDA', 'nomeFantasiaReceita': 'CHEPPLIER', 'tipo': 'Entidades Empresariais Privadas'}","{'codigo': '344001', 'nome': 'FUNDACAO CASA DE RUI BARBOSA', 'descricaoPoder': 'EXECUTIVO', 'orgaoVinculado': {'codigoSIAFI': '20403', 'cnpj': '42519488000108', 'sigla': 'Casa de Rui Barbosa', 'nome': 'Fundação Casa de Rui Barbosa'}, 'orgaoMaximo': {'codigo': '42000', 'sigla': 'MINC', 'nome': 'Ministério da Cultura'}}","{'cpfFormatado': '', 'nis': '', 'nome': 'NAO SE APLICA'}",07/2024,1
519911121,09/2024,14/08/2024,"1.697,30","{'id': 2, 'codigo': '2', 'descricao': 'Cartão de Pagamento de Compras Centralizadas - CPCC'}","{'id': 1119482, 'cpfFormatado': '', 'cnpjFormatado': '05.879.152/0006-34', 'numeroInscricaoSocial': '', 'nome': 'BOTTINO MATERIAIS DE CONSTRUCAO LTDA.', 'razaoSocialReceita': 'BOTTINO MATERIAIS DE CONSTRUCAO LTDA.', 'nomeFantasiaReceita': 'AMOEDO', 'tipo': 'Entidades Empresariais Privadas'}","{'codigo': '344001', 'nome': 'FUNDACAO CASA DE RUI BARBOSA', 'descricaoPoder': 'EXECUTIVO', 'orgaoVinculado': {'codigoSIAFI': '20403', 'cnpj': '42519488000108', 'sigla': 'Casa de Rui Barbosa', 'nome': 'Fundação Casa de Rui Barbosa'}, 'orgaoMaximo': {'codigo': '42000', 'sigla': 'MINC', 'nome': 'Ministério da Cultura'}}","{'cpfFormatado': '', 'nis': '', 'nome': 'NAO SE APLICA'}",07/2024,1
523460431,11/2024,09/10/2024,"81,60","{'id': 2, 'codigo': '2', 'descricao': 'Cartão de Pagamento de Compras Centralizadas - CPCC'}","{'id': 351017924, 'cpfFormatado': '', 'cnpjFormatado': '43.283.811/0246-87', 'numeroInscricaoSocial': '', 'nome': 'KALUNGA SA', 'razaoSocialReceita': 'KALUNGA SA', 'nomeFantasiaReceita': '', 'tipo': 'Entidades Empresariais Privadas'}","{'codigo': '344001', 'nome': 'FUNDACAO CASA DE RUI BARBOSA', 'descricaoPoder': 'EXECUTIVO', 'orgaoVinculado': {'codigoSIAFI': '20403', 'cnpj': '42519488000108', 'sigla': 'Casa de Rui Barbosa', 'nome': 'Fundação Casa de Rui Barbosa'}, 'orgaoMaximo': {'codigo': '42000', 'sigla': 'MINC', 'nome': 'Ministério da Cultura'}}","{'cpfFormatado': '', 'nis': '', 'nome': 'NAO SE APLICA'}",07/2024,1
575143480,09/2024,19/08/2024,"200,00","{'id': 2, 'codigo': '2', 'descricao': 'Cartão de Pagamento de Compras Centralizadas - CPCC'}","{'id': -1, 'cpfFormatado': '', 'cnpjFormatado': '', 'numeroInscricaoSocial': '', 'nome': 'SEM INFORMACAO', 'razaoSocialReceita': 'SEM INFORMACAO', 'nomeFantasiaReceita': 'SEM INFORMACAO', 'tipo': 'Sem Informação'}","{'codigo': '344001', 'nome': 'FUNDACAO CASA DE RUI BARBOSA', 'descricaoPoder': 'EXECUTIVO', 'orgaoVinculado': {'codigoSIAFI': '20403', 'cnpj': '42519488000108', 'sigla': 'Casa de Rui Barbosa', 'nome': 'Fundação Casa de Rui Barbosa'}, 'orgaoMaximo': {'codigo': '42000', 'sigla': 'MINC', 'nome': 'Ministério da Cultura'}}","{'cpfFormatado': '', 'nis': '', 'nome': 'NAO SE APLICA'}",07/2024,1
475502717,12/2025,18/11/2025,"876,18","{'id': 2, 'codigo': '2', 'descricao': 'Cartão de Pagamento de Compras Centralizadas - CPCC'}","{'id': 17744804, 'cpfFormatado': '', 'cnpjFormatado': '11.473.110/0001-97', 'numeroInscricaoSocial': '', 'nome': 'DIEGO CAVALCANTI ROCHA', 'razaoSocialReceita': 'DIEGO CAVALCANTI ROCHA', 'nomeFantasiaReceita': 'UNIFRIOS ATACADISTA', 'tipo': 'Entidades Empresariais Privadas'}","{'codigo': '400085', 'nome': 'SUPERINTENDENCIA REGIONAL DO TRABALHO/PI', 'descricaoPoder': 'EXECUTIVO', 'orgaoVinculado': {'codigoSIAFI': '40000', 'cnpj': '23612685000122', 'sigla': 'MTE', 'nome': 'Ministério do Trabalho e Emprego - Unidades com vínculo direto'}, 'orgaoMaximo': {'codigo': '40000', 'sigla': 'MTE', 'nome': 'Ministério do Trabalho e Emprego'}}","{'cpfFormatado': '', 'nis': '', 'nome': 'NAO SE APLICA'}",07/2025,1
482051443,04/2026,12/03/2026,"978,66","{'id': 2, 'codigo': '2', 'descricao': 'Cartão de Pagamento de Compras Centralizadas - CPCC'}","{'id': 6518793, 'cpfFormatado': '', 'cnpjFormatado': '14.338.304/0001-78', 'numeroInscricaoSocial': '', 'nome': 'VINDI PAGAMENTOS S/A', 'razaoSocialReceita': 'VINDI PAGAMENTOS S/A', 'nomeFantasiaReceita': 'VINDI PAGAMENTOS ONLINE', 'tipo': 'Entidades Empresariais Privadas'}","{'codigo': '155941', 'nome': 'INSTITUTO FED DO AP CAMPUS AGRIC PORTO GRANDE', 'descricaoPoder': 'EXECUTIVO', 'orgaoVinculado': {'codigoSIAFI': '26426', 'cnpj': '10820882000195', 'sigla': 'IFAP', 'nome': 'Instituto Federal de Educação, Ciência e Tecnologia do Amapá'}, 'orgaoMaximo': {'codigo': '26000', 'sigla': 'MEC', 'nome': 'Ministério da Educação'}}","{'cpfFormatado': '', 'nis': '', 'nome': 'NAO SE APLICA'}",07/2025,1
482051507,04/2026,12/03/2026,"217,60","{'id': 2, 'codigo': '2', 'descricao': 'Cartão de Pagamento de Compras Centralizadas - CPCC'}","{'id': 261820234, 'cpfFormatado': '***.651.972-**', 'cnpjFormatado': '', 'numeroInscricaoSocial': '', 'nome': 'JAMILIE ASSUMPCAO SILVA', 'razaoSocialReceita': '', 'nomeFantasiaReceita': '', 'tipo': 'Pessoa Física'}","{'codigo': '155941', 'nome': 'INSTITUTO FED DO AP CAMPUS AGRIC PORTO GRANDE', 'descricaoPoder': 'EXECUTIVO', 'orgaoVinculado': {'codigoSIAFI': '26426', 'cnpj': '10820882000195', 'sigla': 'IFAP', 'nome': 'Instituto Federal de Educação, Ciência e Tecnologia do Amapá'}, 'orgaoMaximo': {'codigo': '26000', 'sigla': 'MEC', 'nome': 'Ministério da Educação'}}","{'cpfFormatado': '', 'nis': '', 'nome': 'NAO SE APLICA'}",07/2025,1
482051571,04/2026,12/03/2026,"190,00","{'id': 2, 'codigo': '2', 'descricao': 'Cartão de Pagamento de Compras Centralizadas - CPCC'}","{'id': 609589244, 'cpfFormatado': '', 'cnpjFormatado': '26.740.350/0001-88', 'numeroInscricaoSocial': '', 'nome': 'STORE MARLENE MENDES LTDA', 'razaoSocialReceita': 'STORE MARLENE MENDES LTDA', 'nomeFantasiaReceita': 'AGRO STORE', 'tipo': 'Entidades Empresariais Privadas'}","{'codigo': '155941', 'nome': 'INSTITUTO FED DO AP CAMPUS AGRIC PORTO GRANDE', 'descricaoPoder': 'EXECUTIVO', 'orgaoVinculado': {'codigoSIAFI': '26426', 'cnpj': '10820882000195', 'sigla': 'IFAP', 'nome': 'Instituto Federal de Educação, Ciência e Tecnologia do Amapá'}, 'orgaoMaximo': {'codigo': '26000', 'sigla': 'MEC', 'nome': 'Ministério da Educação'}}","{'cpfFormatado': '', 'nis': '', 'nome': 'NAO SE APLICA'}",07/2025,1
493162764,05/2026,14/04/2026,"676,00","{'id': 2, 'codigo': '2', 'descricao': 'Cartão de Pagamento de Compras Centralizadas - CPCC'}","{'id': 91056315, 'cpfFormatado': '', 'cnpjFormatado': '35.208.818/0001-89', 'numeroInscricaoSocial': '', 'nome': 'R L FARIAS LTDA', 'razaoSocialReceita': 'R L FARIAS LTDA', 'nomeFantasiaReceita': 'MUNDO ATACADO', 'tipo': 'Entidades Empresariais Privadas'}","{'codigo': '158283', 'nome': 'IFMA/CAMPUS BURITICUPU', 'descricaoPoder': 'EXECUTIVO', 'orgaoVinculado': {'codigoSIAFI': '26408', 'cnpj': '10735145000194', 'sigla': 'IFMA', 'nome': 'Instituto Federal de Educação, Ciência e Tecnologia do Maranhão'}, 'orgaoMaximo': {'codigo': '26000', 'sigla': 'MEC', 'nome': 'Ministério da Educação'}}","{'cpfFormatado': '', 'nis': '', 'nome': 'NAO SE APLICA'}",07/2025,1
499447333,04/2026,10/03/2026,"290,00","{'id': 2, 'codigo': '2', 'descricao': 'Cartão de Pagamento de Compras Centralizadas - CPCC'}","{'id': 328616964, 'cpfFormatado': '', 'cnpjFormatado': '19.540.550/0001-21', 'numeroInscricaoSocial': '', 'nome': 'ASAAS GESTAO FINANCEIRA INSTITUICAO DE PAGAMENTO S.A.', 'razaoSocialReceita': 'ASAAS GESTAO FINANCEIRA INSTITUICAO DE PAGAMENTO S.A.', 'nomeFantasiaReceita': '', 'tipo': 'Entidades Empresariais Privadas'}","{'codigo': '155941', 'nome': 'INSTITUTO FED DO AP CAMPUS AGRIC PORTO GRANDE', 'descricaoPoder': 'EXECUTIVO', 'orgaoVinculado': {'codigoSIAFI': '26426', 'cnpj': '10820882000195', 'sigla': 'IFAP', 'nome': 'Instituto Federal de Educação, Ciência e Tecnologia do Amapá'}, 'orgaoMaximo': {'codigo': '26000', 'sigla': 'MEC', 'nome': 'Ministério da Educação'}}","{'cpfFormatado': '', 'nis': '', 'nome': 'NAO SE APLICA'}",07/2025,1
499447397,04/2026,10/03/2026,"282,00","{'id': 2, 'codigo': '2', 'descricao': 'Cartão de Pagamento de Compras Centralizadas - CPCC'}","{'id': 608627766, 'cpfFormatado': '', 'cnpjFormatado': '16.818.703/0001-61', 'numeroInscricaoSocial': '', 'nome': 'ALVES E GUEDES LTDA', 'razaoSocialReceita': 'ALVES E GUEDES LTDA', 'nomeFantasiaReceita': 'SUELY IMPORTADORA E MAGAZINE', 'tipo': 'Entidades Empresariais Privadas'}","{'codigo': '155941', 'nome': 'INSTITUTO FED DO AP CAMPUS AGRIC PORTO GRANDE', 'descricaoPoder': 'EXECUTIVO', 'orgaoVinculado': {'codigoSIAFI': '26426', 'cnpj': '10820882000195', 'sigla': 'IFAP', 'nome': 'Instituto Federal de Educação, Ciência e Tecnologia do Amapá'}, 'orgaoMaximo': {'codigo': '26000', 'sigla': 'MEC', 'nome': 'Ministério da Educação'}}","{'cpfFormatado': '', 'nis': '', 'nome': 'NAO SE APLICA'}",07/2025,1
499546216,12/2025,12/11/2025,"300,00","{'id': 2, 'codigo': '2', 'descricao': 'Cartão de Pagamento de Compras Centralizadas - CPCC'}","{'id': 17744804, 'cpfFormatado': '', 'cnpjFormatado': '11.473.110/0001-97', 'numeroInscricaoSocial': '', 'nome': 'DIEGO CAVALCANTI ROCHA', 'razaoSocialReceita': 'DIEGO CAVALCANTI ROCHA', 'nomeFantasiaReceita': 'UNIFRIOS ATACADISTA', 'tipo': 'Entidades Empresariais Privadas'}","{'codigo': '400085', 'nome': 'SUPERINTENDENCIA REGIONAL DO TRABALHO/PI', 'descricaoPoder': 'EXECUTIVO', 'orgaoVinculado': {'codigoSIAFI': '40000', 'cnpj': '23612685000122', 'sigla': 'MTE', 'nome': 'Ministério do Trabalho e Emprego - Unidades com vínculo direto'}, 'orgaoMaximo': {'codigo': '40000', 'sigla': 'MTE', 'nome': 'Ministério do Trabalho e Emprego'}}","{'cpfFormatado': '', 'nis': '', 'nome': 'NAO SE APLICA'}",07/2025,1
500330125,04/2026,26/02/2026,"20,00","{'id': 2, 'codigo': '2', 'descricao': 'Cartão de Pagamento de Compras Centralizadas - CPCC'}","{'id': 819847, 'cpfFormatado': '', 'cnpjFormatado': '09.202.204/0001-80', 'numeroInscricaoSocial': '', 'nome': 'F A PESSOA LTDA', 'razaoSocialReceita': 'F A PESSOA LTDA', 'nomeFantasiaReceita': 'CASA TEM-TEM', 'tipo': 'Entidades Empresariais Privadas'}","{'codigo': '155941', 'nome': 'INSTITUTO FED DO AP CAMPUS AGRIC PORTO GRANDE', 'descricaoPoder': 'EXECUTIVO', 'orgaoVinculado': {'codigoSIAFI': '26426', 'cnpj': '10820882000195', 'sigla': 'IFAP', 'nome': 'Instituto Federal de Educação, Ciência e Tecnologia do Amapá'}, 'orgaoMaximo': {'codigo': '26000', 'sigla': 'MEC', 'nome': 'Ministério da Educação'}}","{'cpfFormatado': '', 'nis': '', 'nome': 'NAO SE APLICA'}",07/2025,1
507882549,04/2026,03/03/2026,"292,00","{'id': 2, 'codigo': '2', 'descricao': 'Cartão de Pagamento de Compras Centralizadas - CPCC'}","{'id': 609525007, 'cpfFormatado': '', 'cnpjFormatado': '37.830.867/0001-84', 'numeroInscricaoSocial': '', 'nome': 'NUNES & VIDAL, COMERCIO LTDA', 'razaoSocialReceita': 'NUNES & VIDAL, COMERCIO LTDA', 'nomeFantasiaReceita': 'FARMA CENTRAL - GASTE MENOS', 'tipo': 'Entidades Empresariais Privadas'}","{'codigo': '155941', 'nome': 'INSTITUTO FED DO AP CAMPUS AGRIC PORTO GRANDE', 'descricaoPoder': 'EXECUTIVO', 'orgaoVinculado': {'codigoSIAFI': '26426', 'cnpj': '10820882000195', 'sigla': 'IFAP', 'nome': 'Instituto Federal de Educação, Ciência e Tecnologia do Amapá'}, 'orgaoMaximo': {'codigo': '26000', 'sigla': 'MEC', 'nome': 'Ministério da Educação'}}","{'cpfFormatado': '', 'nis': '', 'nome': 'NAO SE APLICA'}",07/2025,1
507993693,08/2025,09/07/2025,"6,00","{'id': 2, 'codigo': '2', 'descricao': 'Cartão de Pagamento de Compras Centralizadas - CPCC'}","{'id': 91555396, 'cpfFormatado': '', 'cnpjFormatado': '02.838.410/0001-31', 'numeroInscricaoSocial': '', 'nome': 'ARMARINHO VANDERLEIA LTDA', 'razaoSocialReceita': 'ARMARINHO VANDERLEIA LTDA', 'nomeFantasiaReceita': '', 'tipo': 'Entidades Empresariais Privadas'}","{'codigo': '160110', 'nome': 'COLEGIO MILITAR DE JUIZ DE FORA', 'descricaoPoder': 'EXECUTIVO', 'orgaoVinculado': {'codigoSIAFI': '52121', 'cnpj': '00394452000103', 'sigla': 'CMDO EXÉRCITO', 'nome': 'Comando do Exército'}, 'orgaoMaximo': {'codigo': '52000', 'sigla': 'DEFESA', 'nome': 'Ministério da Defesa'}}","{'cpfFormatado': '', 'nis': '', 'nome': 'NAO SE APLICA'}",07/2025,1
508120684,05/2026,06/04/2026,"492,73","{'id': 2, 'codigo': '2', 'descricao': 'Cartão de Pagamento de Compras Centralizadas - CPCC'}","{'id': 463616694, 'cpfFormatado': '', 'cnpjFormatado': '38.372.267/0001-82', 'numeroInscricaoSocial': '', 'nome': 'SHPP BRASIL INSTITUICAO DE PAGAMENTO E SERVICOS DE PAGAMENTOS LTDA', 'razaoSocialReceita': 'SHPP BRASIL INSTITUICAO DE PAGAMENTO E SERVICOS DE PAGAMENTOS LTDA', 'nomeFantasiaReceita': '', 'tipo': 'Entidades Empresariais Privadas'}","{'codigo': '155941', 'nome': 'INSTITUTO FED DO AP CAMPUS AGRIC PORTO GRANDE', 'descricaoPoder': 'EXECUTIVO', 'orgaoVinculado': {'codigoSIAFI': '26426', 'cnpj': '10820882000195', 'sigla': 'IFAP', 'nome': 'Instituto Federal de Educação, Ciência e Tecnologia do Amapá'}, 'orgaoMaximo': {'codigo': '26000', 'sigla': 'MEC', 'nome': 'Ministério da Educação'}}","{'cpfFormatado': '', 'nis': '', 'nome': 'NAO SE APLICA'}",07/2025,1
508582378,12/2025,11/11/2025,"1,62","{'id': 2, 'codigo': '2', 'descricao': 'Cartão de Pagamento de Compras Centralizadas - CPCC'}","{'id': 608539663, 'cpfFormatado': '', 'cnpjFormatado': '23.963.763/0001-33', 'numeroInscricaoSocial': '', 'nome': ""CHAMP'S FIT ACADEMIA LTDA"", 'razaoSocialReceita': ""CHAMP'S FIT ACADEMIA LTDA"", 'nomeFantasiaReceita': ""CHAMP'S FIT ACADEMIA"", 'tipo': 'Entidades Empresariais Privadas'}","{'codigo': '158516', 'nome': 'INST.FED.DE EDUC.,CIENC.E TEC.DE STA.CAT/IFSC', 'descricaoPoder': 'EXECUTIVO', 'orgaoVinculado': {'codigoSIAFI': '26438', 'cnpj': '11402887000160', 'sigla': 'IFSC', 'nome': 'Instituto Federal de Educação, Ciência e Tecnologia de Santa Catarina'}, 'orgaoMaximo': {'codigo': '26000', 'sigla': 'MEC', 'nome': 'Ministério da Educação'}}","{'cpfFormatado': '', 'nis': '', 'nome': 'NAO SE APLICA'}",07/2025,1
508582442,12/2025,11/11/2025,"1,33","{'id': 2, 'codigo': '2', 'descricao': 'Cartão de Pagamento de Compras Centralizadas - CPCC'}","{'id': 608539663, 'cpfFormatado': '', 'cnpjFormatado': '23.963.763/0001-33', 'numeroInscricaoSocial': '', 'nome': ""CHAMP'S FIT ACADEMIA LTDA"", 'razaoSocialReceita': ""CHAMP'S FIT ACADEMIA LTDA"", 'nomeFantasiaReceita': ""CHAMP'S FIT ACADEMIA"", 'tipo': 'Entidades Empresariais Privadas'}","{'codigo': '167089', 'nome': 'SECRETARIA DE ECONOMIA E FINANCAS', 'descricaoPoder': 'EXECUTIVO', 'orgaoVinculado': {'codigoSIAFI': '52904', 'cnpj': '00394452054700', 'sigla': 'FUNDO DO EXÉRCITO', 'nome': 'Fundo do Exército'}, 'orgaoMaximo': {'codigo': '52000', 'sigla': 'DEFESA', 'nome': 'Ministério da Defesa'}}","{'cpfFormatado': '', 'nis': '', 'nome': 'NAO SE APLICA'}",07/2025,1
509753180,03/2026,25/02/2026,"63,90","{'id': 2, 'codigo': '2', 'descricao': 'Cartão de Pagamento de Compras Centralizadas - CPCC'}","{'id': 609558188, 'cpfFormatado': '', 'cnpjFormatado': '18.857.559/0001-06', 'numeroInscricaoSocial': '', 'nome': 'FRANCISCA C. BAIA', 'razaoSocialReceita': 'FRANCISCA C. BAIA', 'nomeFantasiaReceita': 'COMERCIAL CALEB', 'tipo': 'Entidades Empresariais Privadas'}","{'codigo': '155941', 'nome': 'INSTITUTO FED DO AP CAMPUS AGRIC PORTO GRANDE', 'descricaoPoder': 'EXECUTIVO', 'orgaoVinculado': {'codigoSIAFI': '26426', 'cnpj': '10820882000195', 'sigla': 'IFAP', 'nome': 'Instituto Federal de Educação, Ciência e Tecnologia do Amapá'}, 'orgaoMaximo': {'codigo': '26000', 'sigla': 'MEC', 'nome': 'Ministério da Educação'}}","{'cpfFormatado': '', 'nis': '', 'nome': 'NAO SE APLICA'}",07/2025,1
509753244,04/2026,17/03/2026,"824,70","{'id': 2, 'codigo': '2', 'descricao': 'Cartão de Pagamento de Compras Centralizadas - CPCC'}","{'id': 347518628, 'cpfFormatado': '', 'cnpjFormatado': '27.402.741/0001-55', 'numeroInscricaoSocial': '', 'nome': 'I. T. ARAUJO LTDA', 'razaoSocialReceita': 'I. T. ARAUJO LTDA', 'nomeFantasiaReceita': 'MERCADINHO MIX DAVI', 'tipo': 'Entidades Empresariais Privadas'}","{'codigo': '158283', 'nome': 'IFMA/CAMPUS BURITICUPU', 'descricaoPoder': 'EXECUTIVO', 'orgaoVinculado': {'codigoSIAFI': '26408', 'cnpj': '10735145000194', 'sigla': 'IFMA', 'nome': 'Instituto Federal de Educação, Ciência e Tecnologia do Maranhão'}, 'orgaoMaximo': {'codigo': '26000', 'sigla': 'MEC', 'nome': 'Ministério da Educação'}}","{'cpfFormatado': '', 'nis': '', 'nome': 'NAO SE APLICA'}",07/2025,2
509753308,05/2026,10/04/2026,"339,59","{'id': 2, 'codigo': '2', 'descricao': 'Cartão de Pagamento de Compras Centralizadas - CPCC'}","{'id': 6518793, 'cpfFormatado': '', 'cnpjFormatado': '14.338.304/0001-78', 'numeroInscricaoSocial': '', 'nome': 'VINDI PAGAMENTOS S/A', 'razaoSocialReceita': 'VINDI PAGAMENTOS S/A', 'nomeFantasiaReceita': 'VINDI PAGAMENTOS ONLINE', 'tipo': 'Entidades Empresariais Privadas'}","{'codigo': '155941', 'nome': 'INSTITUTO FED DO AP CAMPUS AGRIC PORTO GRANDE', 'descricaoPoder': 'EXECUTIVO', 'orgaoVinculado': {'codigoSIAFI': '26426', 'cnpj': '10820882000195', 'sigla': 'IFAP', 'nome': 'Instituto Federal de Educação, Ciência e Tecnologia do Amapá'}, 'orgaoMaximo': {'codigo': '26000', 'sigla': 'MEC', 'nome': 'Ministério da Educação'}}","{'cpfFormatado': '', 'nis': '', 'nome': 'NAO SE APLICA'}",07/2025,2
510390962,05/2026,04/04/2026,"79,80","{'id': 2, 'codigo': '2', 'descricao': 'Cartão de Pagamento de Compras Centralizadas - CPCC'}","{'id': 1418885, 'cpfFormatado': '', 'cnpjFormatado': '07.269.201/0001-38', 'numeroInscricaoSocial': '', 'nome': 'AMAZONAS IMPORTADOS LTDA', 'razaoSocialReceita': 'AMAZONAS IMPORTADOS LTDA', 'nomeFantasiaReceita': 'AMAZONAS IMPORTADOS', 'tipo': 'Entidades Empresariais Privadas'}","{'codigo': '155941', 'nome': 'INSTITUTO FED DO AP CAMPUS AGRIC PORTO GRANDE', 'descricaoPoder': 'EXECUTIVO', 'orgaoVinculado': {'codigoSIAFI': '26426', 'cnpj': '10820882000195', 'sigla': 'IFAP', 'nome': 'Instituto Federal de Educação, Ciência e Tecnologia do Amapá'}, 'orgaoMaximo': {'codigo': '26000', 'sigla': 'MEC', 'nome': 'Ministério da Educação'}}","{'cpfFormatado': '', 'nis': '', 'nome': 'NAO SE APLICA'}",07/2025,2
510391026,05/2026,04/04/2026,"236,55","{'id': 2, 'codigo': '2', 'descricao': 'Cartão de Pagamento de Compras Centralizadas - CPCC'}","{'id': 5619525, 'cpfFormatado': '', 'cnpjFormatado': '23.069.198/0003-27', 'numeroInscricaoSocial': '', 'nome': 'M A SILVA & SILVA LTDA', 'razaoSocialReceita': 'M A SILVA & SILVA LTDA', 'nomeFantasiaReceita': 'SUPERMERCADO SANTA LUCIA', 'tipo': 'Entidades Empresariais Privadas'}","{'codigo': '155941', 'nome': 'INSTITUTO FED DO AP CAMPUS AGRIC PORTO GRANDE', 'descricaoPoder': 'EXECUTIVO', 'orgaoVinculado': {'codigoSIAFI': '26426', 'cnpj': '10820882000195', 'sigla': 'IFAP', 'nome': 'Instituto Federal de Educação, Ciência e Tecnologia do Amapá'}, 'orgaoMaximo': {'codigo': '26000', 'sigla': 'MEC', 'nome': 'Ministério da Educação'}}","{'cpfFormatado': '', 'nis': '', 'nome': 'NAO SE APLICA'}",07/2025,2
510391090,05/2026,04/04/2026,"177,70","{'id': 2, 'codigo': '2', 'descricao': 'Cartão de Pagamento de Compras Centralizadas - CPCC'}","{'id': 43141973, 'cpfFormatado': '', 'cnpjFormatado': '04.842.563/0006-92', 'numeroInscricaoSocial': '', 'nome': 'A R FILHO & CIA LTDA', 'razaoSocialReceita': 'A R FILHO & CIA LTDA', 'nomeFantasiaReceita': 'SUPERMERCADO FORTALEZA', 'tipo': 'Entidades Empresariais Privadas'}","{'codigo': '155941', 'nome': 'INSTITUTO FED DO AP CAMPUS AGRIC PORTO GRANDE', 'descricaoPoder': 'EXECUTIVO', 'orgaoVinculado': {'codigoSIAFI': '26426', 'cnpj': '10820882000195', 'sigla': 'IFAP', 'nome': 'Instituto Federal de Educação, Ciência e Tecnologia do Amapá'}, 'orgaoMaximo': {'codigo': '26000', 'sigla': 'MEC', 'nome': 'Ministério da Educação'}}","{'cpfFormatado': '', 'nis': '', 'nome': 'NAO SE APLICA'}",07/2025,2
510391154,05/2026,04/04/2026,"130,53","{'id': 2, 'codigo': '2', 'descricao': 'Cartão de Pagamento de Compras Centralizadas - CPCC'}","{'id': 368618326, 'cpfFormatado': '', 'cnpjFormatado': '11.808.224/0002-21', 'numeroInscricaoSocial': '', 'nome': 'IMPORTADORA JK SANTANA LTDA', 'razaoSocialReceita': 'IMPORTADORA JK SANTANA LTDA', 'nomeFantasiaReceita': 'MAGAZINE BRASILIA', 'tipo': 'Entidades Empresariais Privadas'}","{'codigo': '155941', 'nome': 'INSTITUTO FED DO AP CAMPUS AGRIC PORTO GRANDE', 'descricaoPoder': 'EXECUTIVO', 'orgaoVinculado': {'codigoSIAFI': '26426', 'cnpj': '10820882000195', 'sigla': 'IFAP', 'nome': 'Instituto Federal de Educação, Ciência e Tecnologia do Amapá'}, 'orgaoMaximo': {'codigo': '26000', 'sigla': 'MEC', 'nome': 'Ministério da Educação'}}","{'cpfFormatado': '', 'nis': '', 'nome': 'NAO SE APLICA'}",07/2025,2
510391218,05/2026,04/04/2026,"98,59","{'id': 2, 'codigo': '2', 'descricao': 'Cartão de Pagamento de Compras Centralizadas - CPCC'}","{'id': 606459321, 'cpfFormatado': '', 'cnpjFormatado': '07.844.185/0016-46', 'numeroInscricaoSocial': '', 'nome': 'LOJAS 2A LTDA', 'razaoSocialReceita': 'LOJAS 2A LTDA', 'nomeFantasiaReceita': 'LOJA 2A - GARDEN SHOPPING', 'tipo': 'Entidades Empresariais Privadas'}","{'codigo': '155941', 'nome': 'INSTITUTO FED DO AP CAMPUS AGRIC PORTO GRANDE', 'descricaoPoder': 'EXECUTIVO', 'orgaoVinculado': {'codigoSIAFI': '26426', 'cnpj': '10820882000195', 'sigla': 'IFAP', 'nome': 'Instituto Federal de Educação, Ciência e Tecnologia do Amapá'}, 'orgaoMaximo': {'codigo': '26000', 'sigla': 'MEC', 'nome': 'Ministério da Educação'}}","{'cpfFormatado': '', 'nis': '', 'nome': 'NAO SE APLICA'}",07/2025,2
510391282,05/2026,07/04/2026,"55,00","{'id': 2, 'codigo': '2', 'descricao': 'Cartão de Pagamento de Compras Centralizadas - CPCC'}","{'id': -1, 'cpfFormatado': '', 'cnpjFormatado': '', 'numeroInscricaoSocial': '', 'nome': 'SEM INFORMACAO', 'razaoSocialReceita': 'SEM INFORMACAO', 'nomeFantasiaReceita': 'SEM INFORMACAO', 'tipo': 'Sem Informação'}","{'codigo': '158283', 'nome': 'IFMA/CAMPUS BURITICUPU', 'descricaoPoder': 'EXECUTIVO', 'orgaoVinculado': {'codigoSIAFI': '26408', 'cnpj': '10735145000194', 'sigla': 'IFMA', 'nome': 'Instituto Federal de Educação, Ciência e Tecnologia do Maranhão'}, 'orgaoMaximo': {'codigo': '26000', 'sigla': 'MEC', 'nome': 'Ministério da Educação'}}","{'cpfFormatado': '', 'nis': '', 'nome': 'NAO SE APLICA'}",07/2025,2
510391346,05/2026,07/04/2026,"1.101,58","{'id': 2, 'codigo': '2', 'descricao': 'Cartão de Pagamento de Compras Centralizadas - CPCC'}","{'id': 6518793, 'cpfFormatado': '', 'cnpjFormatado': '14.338.304/0001-78', 'numeroInscricaoSocial': '', 'nome': 'VINDI PAGAMENTOS S/A', 'razaoSocialReceita': 'VINDI PAGAMENTOS S/A', 'nomeFantasiaReceita': 'VINDI PAGAMENTOS ONLINE', 'tipo': 'Entidades Empresariais Privadas'}","{'codigo': '155941', 'nome': 'INSTITUTO FED DO AP CAMPUS AGRIC PORTO GRANDE', 'descricaoPoder': 'EXECUTIVO', 'orgaoVinculado': {'codigoSIAFI': '26426', 'cnpj': '10820882000195', 'sigla': 'IFAP', 'nome': 'Instituto Federal de Educação, Ciência e Tecnologia do Amapá'}, 'orgaoMaximo': {'codigo': '26000', 'sigla': 'MEC', 'nome': 'Ministério da Educação'}}","{'cpfFormatado': '', 'nis': '', 'nome': 'NAO SE APLICA'}",07/2025,2
512500977,04/2026,09/03/2026,"453,92","{'id': 2, 'codigo': '2', 'descricao': 'Cartão de Pagamento de Compras Centralizadas - CPCC'}","{'id': 6518793, 'cpfFormatado': '', 'cnpjFormatado': '14.338.304/0001-78', 'numeroInscricaoSocial': '', 'nome': 'VINDI PAGAMENTOS S/A', 'razaoSocialReceita': 'VINDI PAGAMENTOS S/A', 'nomeFantasiaReceita': 'VINDI PAGAMENTOS ONLINE', 'tipo': 'Entidades Empresariais Privadas'}","{'codigo': '155941', 'nome': 'INSTITUTO FED DO AP CAMPUS AGRIC PORTO GRANDE', 'descricaoPoder': 'EXECUTIVO', 'orgaoVinculado': {'codigoSIAFI': '26426', 'cnpj': '10820882000195', 'sigla': 'IFAP', 'nome': 'Instituto Federal de Educação, Ciência e Tecnologia do Amapá'}, 'orgaoMaximo': {'codigo': '26000', 'sigla': 'MEC', 'nome': 'Ministério da Educação'}}","{'cpfFormatado': '', 'nis': '', 'nome': 'NAO SE APLICA'}",07/2025,2
512501041,04/2026,09/03/2026,"280,00","{'id': 2, 'codigo': '2', 'descricao': 'Cartão de Pagamento de Compras Centralizadas - CPCC'}","{'id': 354918247, 'cpfFormatado': '***.016.922-**', 'cnpjFormatado': '', 'numeroInscricaoSocial': '12631213035', 'nome': 'WENETH SOARES SILVA', 'razaoSocialReceita': '', 'nomeFantasiaReceita': '', 'tipo': 'Pessoa Física'}","{'codigo': '155941', 'nome': 'INSTITUTO FED DO AP CAMPUS AGRIC PORTO GRANDE', 'descricaoPoder': 'EXECUTIVO', 'orgaoVinculado': {'codigoSIAFI': '26426', 'cnpj': '10820882000195', 'sigla': 'IFAP', 'nome': 'Instituto Federal de Educação, Ciência e Tecnologia do Amapá'}, 'orgaoMaximo': {'codigo': '26000', 'sigla': 'MEC', 'nome': 'Ministério da Educação'}}","{'cpfFormatado': '', 'nis': '', 'nome': 'NAO SE APLICA'}",07/2025,2
513883696,04/2026,07/03/2026,"65,00","{'id': 2, 'codigo': '2', 'descricao': 'Cartão de Pagamento de Compras Centralizadas - CPCC'}","{'id': -1, 'cpfFormatado': '', 'cnpjFormatado': '', 'numeroInscricaoSocial': '', 'nome': 'SEM INFORMACAO', 'razaoSocialReceita': 'SEM INFORMACAO', 'nomeFantasiaReceita': 'SEM INFORMACAO', 'tipo': 'Sem Informação'}","{'codigo': '155941', 'nome': 'INSTITUTO FED DO AP CAMPUS AGRIC PORTO GRANDE', 'descricaoPoder': 'EXECUTIVO', 'orgaoVinculado': {'codigoSIAFI': '26426', 'cnpj': '10820882000195', 'sigla': 'IFAP', 'nome': 'Instituto Federal de Educação, Ciência e Tecnologia do Amapá'}, 'orgaoMaximo': {'codigo': '26000', 'sigla': 'MEC', 'nome': 'Ministério da Educação'}}","{'cpfFormatado': '', 'nis': '', 'nome': 'NAO SE APLICA'}",07/2025,2
513883760,04/2026,07/03/2026,"60,00","{'id': 2, 'codigo': '2', 'descricao': 'Cartão de Pagamento de Compras Centralizadas - CPCC'}","{'id': 39231294, 'cpfFormatado': '', 'cnpjFormatado': '12.256.671/0001-05', 'numeroInscricaoSocial': '', 'nome': 'FENG QING & CIA LTDA', 'razaoSocialReceita': 'FENG QING & CIA LTDA', 'nomeFantasiaReceita': 'CHEN IMPORTACAO E EXPORTACAO', 'tipo': 'Entidades Empresariais Privadas'}","{'codigo': '155941', 'nome': 'INSTITUTO FED DO AP CAMPUS AGRIC PORTO GRANDE', 'descricaoPoder': 'EXECUTIVO', 'orgaoVinculado': {'codigoSIAFI': '26426', 'cnpj': '10820882000195', 'sigla': 'IFAP', 'nome': 'Instituto Federal de Educação, Ciência e Tecnologia do Amapá'}, 'orgaoMaximo': {'codigo': '26000', 'sigla': 'MEC', 'nome': 'Ministério da Educação'}}","{'cpfFormatado': '', 'nis': '', 'nome': 'NAO SE APLICA'}",07/2025,2
513883824,04/2026,07/03/2026,"453,60","{'id': 2, 'codigo': '2', 'descricao': 'Cartão de Pagamento de Compras Centralizadas - CPCC'}","{'id': 39231294, 'cpfFormatado': '', 'cnpjFormatado': '12.256.671/0001-05', 'numeroInscricaoSocial': '', 'nome': 'FENG QING & CIA LTDA', 'razaoSocialReceita': 'FENG QING & CIA LTDA', 'nomeFantasiaReceita': 'CHEN IMPORTACAO E EXPORTACAO', 'tipo': 'Entidades Empresariais Privadas'}","{'codigo': '155941', 'nome': 'INSTITUTO FED DO AP CAMPUS AGRIC PORTO GRANDE', 'descricaoPoder': 'EXECUTIVO', 'orgaoVinculado': {'codigoSIAFI': '26426', 'cnpj': '10820882000195', 'sigla': 'IFAP', 'nome': 'Instituto Federal de Educação, Ciência e Tecnologia do Amapá'}, 'orgaoMaximo': {'codigo': '26000', 'sigla': 'MEC', 'nome': 'Ministério da Educação'}}","{'cpfFormatado': '', 'nis': '', 'nome': 'NAO SE APLICA'}",07/2025,2
513883888,04/2026,07/03/2026,"432,50","{'id': 2, 'codigo': '2', 'descricao': 'Cartão de Pagamento de Compras Centralizadas - CPCC'}","{'id': 368818401, 'cpfFormatado': '', 'cnpjFormatado': '09.354.922/0001-71', 'numeroInscricaoSocial': '', 'nome': 'PLASMAR - COMERCIO DE PRODUTOS DESCARTAVEIS LTDA.', 'razaoSocialReceita': 'PLASMAR - COMERCIO DE PRODUTOS DESCARTAVEIS LTDA.', 'nomeFantasiaReceita': 'PLASMAR', 'tipo': 'Entidades Empresariais Privadas'}","{'codigo': '155941', 'nome': 'INSTITUTO FED DO AP CAMPUS AGRIC PORTO GRANDE', 'descricaoPoder': 'EXECUTIVO', 'orgaoVinculado': {'codigoSIAFI': '26426', 'cnpj': '10820882000195', 'sigla': 'IFAP', 'nome': 'Instituto Federal de Educação, Ciência e Tecnologia do Amapá'}, 'orgaoMaximo': {'codigo': '26000', 'sigla': 'MEC', 'nome': 'Ministério da Educação'}}","{'cpfFormatado': '', 'nis': '', 'nome': 'NAO SE APLICA'}",07/2025,2
516144534,04/2026,06/03/2026,"469,94","{'id': 2, 'codigo': '2', 'descricao': 'Cartão de Pagamento de Compras Centralizadas - CPCC'}","{'id': 247930169, 'cpfFormatado': '', 'cnpjFormatado': '06.057.223/0393-88', 'numeroInscricaoSocial': '', 'nome': 'SENDAS DISTRIBUIDORA S/A', 'razaoSocialReceita': 'SENDAS DISTRIBUIDORA S/A', 'nomeFantasiaReceita': 'ASSAI ATACADISTA', 'tipo': 'Entidades Empresariais Privadas'}","{'codigo': '155941', 'nome': 'INSTITUTO FED DO AP CAMPUS AGRIC PORTO GRANDE', 'descricaoPoder': 'EXECUTIVO', 'orgaoVinculado': {'codigoSIAFI': '26426', 'cnpj': '10820882000195', 'sigla': 'IFAP', 'nome': 'Instituto Federal de Educação, Ciência e Tecnologia do Amapá'}, 'orgaoMaximo': {'codigo': '26000', 'sigla': 'MEC', 'nome': 'Ministério da Educação'}}","{'cpfFormatado': '', 'nis': '', 'nome': 'NAO SE APLICA'}",07/2025,3
516144598,04/2026,06/03/2026,"184,60","{'id': 2, 'codigo': '2', 'descricao': 'Cartão de Pagamento de Compras Centralizadas - CPCC'}","{'id': 327716763, 'cpfFormatado': '', 'cnpjFormatado': '27.136.501/0001-56', 'numeroInscricaoSocial': '', 'nome': 'LOJAS 246 LTDA', 'razaoSocialReceita': 'LOJAS 246 LTDA', 'nomeFantasiaReceita': '246 PLAZA', 'tipo': 'Entidades Empresariais Privadas'}","{'codigo': '155941', 'nome': 'INSTITUTO FED DO AP CAMPUS AGRIC PORTO GRANDE', 'descricaoPoder': 'EXECUTIVO', 'orgaoVinculado': {'codigoSIAFI': '26426', 'cnpj': '10820882000195', 'sigla': 'IFAP', 'nome': 'Instituto Federal de Educação, Ciência e Tecnologia do Amapá'}, 'orgaoMaximo': {'codigo': '26000', 'sigla': 'MEC', 'nome': 'Ministério da Educação'}}","{'cpfFormatado': '', 'nis': '', 'nome': 'NAO SE APLICA'}",07/2025,3
517699675,08/2025,19/07/2025,"183,61","{'id': 2, 'codigo': '2', 'descricao': 'Cartão de Pagamento de Compras Centralizadas - CPCC'}","{'id': 608341844, 'cpfFormatado': '***.182.757-**', 'cnpjFormatado': '', 'numeroInscricaoSocial': '23650717960', 'nome': 'MARIA INES DOMINGOS FRANCA', 'razaoSocialReceita': '', 'nomeFantasiaReceita': '', 'tipo': 'Pessoa Física'}","{'codigo': '160110', 'nome': 'COLEGIO MILITAR DE JUIZ DE FORA', 'descricaoPoder': 'EXECUTIVO', 'orgaoVinculado': {'codigoSIAFI': '52121', 'cnpj': '00394452000103', 'sigla': 'CMDO EXÉRCITO', 'nome': 'Comando do Exército'}, 'orgaoMaximo': {'codigo': '52000', 'sigla': 'DEFESA', 'nome': 'Ministério da Defesa'}}","{'cpfFormatado': '', 'nis': '', 'nome': 'NAO SE APLICA'}",07/2025,3
518113497,01/2026,04/12/2025,"117,41","{'id': 2, 'codigo': '2', 'descricao': 'Cartão de Pagamento de Compras Centralizadas - CPCC'}","{'id': 2918936, 'cpfFormatado': '', 'cnpjFormatado': '10.878.448/0001-66', 'numeroInscricaoSocial': '', 'nome': 'PAYPAL DO BRASIL INSTITUICAO DE PAGAMENTO LTDA', 'razaoSocialReceita': 'PAYPAL DO BRASIL INSTITUICAO DE PAGAMENTO LTDA', 'nomeFantasiaReceita': '', 'tipo': 'Entidades Empresariais Privadas'}","{'codigo': '344001', 'nome': 'FUNDACAO CASA DE RUI BARBOSA', 'descricaoPoder': 'EXECUTIVO', 'orgaoVinculado': {'codigoSIAFI': '20403', 'cnpj': '42519488000108', 'sigla': 'Casa de Rui Barbosa', 'nome': 'Fundação Casa de Rui Barbosa'}, 'orgaoMaximo': {'codigo': '42000', 'sigla': 'MINC', 'nome': 'Ministério da Cultura'}}","{'cpfFormatado': '', 'nis': '', 'nome': 'NAO SE APLICA'}",07/2025,3
518113561,01/2026,04/12/2025,"119,18","{'id': 2, 'codigo': '2', 'descricao': 'Cartão de Pagamento de Compras Centralizadas - CPCC'}","{'id': 19641543, 'cpfFormatado': '', 'cnpjFormatado': '18.727.053/0001-74', 'numeroInscricaoSocial': '', 'nome': 'PAGAR.ME S.A.', 'razaoSocialReceita': 'PAGAR.ME S.A.', 'nomeFantasiaReceita': 'PAGAR.ME PAGAMENTOS', 'tipo': 'Entidades Empresariais Privadas'}","{'codigo': '344001', 'nome': 'FUNDACAO CASA DE RUI BARBOSA', 'descricaoPoder': 'EXECUTIVO', 'orgaoVinculado': {'codigoSIAFI': '20403', 'cnpj': '42519488000108', 'sigla': 'Casa de Rui Barbosa', 'nome': 'Fundação Casa de Rui Barbosa'}, 'orgaoMaximo': {'codigo': '42000', 'sigla': 'MINC', 'nome': 'Ministério da Cultura'}}","{'cpfFormatado': '', 'nis': '', 'nome': 'NAO SE APLICA'}",07/2025,3
518113625,01/2026,04/12/2025,"193,02","{'id': 2, 'codigo': '2', 'descricao': 'Cartão de Pagamento de Compras Centralizadas - CPCC'}","{'id': 19641543, 'cpfFormatado': '', 'cnpjFormatado': '18.727.053/0001-74', 'numeroInscricaoSocial': '', 'nome': 'PAGAR.ME S.A.', 'razaoSocialReceita': 'PAGAR.ME S.A.', 'nomeFantasiaReceita': 'PAGAR.ME PAGAMENTOS', 'tipo': 'Entidades Empresariais Privadas'}","{'codigo': '344001', 'nome': 'FUNDACAO CASA DE RUI BARBOSA', 'descricaoPoder': 'EXECUTIVO', 'orgaoVinculado': {'codigoSIAFI': '20403', 'cnpj': '42519488000108', 'sigla': 'Casa de Rui Barbosa', 'nome': 'Fundação Casa de Rui Barbosa'}, 'orgaoMaximo': {'codigo': '42000', 'sigla': 'MINC', 'nome': 'Ministério da Cultura'}}","{'cpfFormatado': '', 'nis': '', 'nome': 'NAO SE APLICA'}",07/2025,3
518113689,01/2026,04/12/2025,"1.505,00","{'id': 2, 'codigo': '2', 'descricao': 'Cartão de Pagamento de Compras Centralizadas - CPCC'}","{'id': 608465774, 'cpfFormatado': '', 'cnpjFormatado': '63.478.909/0001-70', 'numeroInscricaoSocial': '', 'nome': 'VITRINE DAS CORTINAS E REVESTIMENTOS LTDA', 'razaoSocialReceita': 'VITRINE DAS CORTINAS E REVESTIMENTOS LTDA', 'nomeFantasiaReceita': '', 'tipo': 'Entidades Empresariais Privadas'}","{'codigo': '344001', 'nome': 'FUNDACAO CASA DE RUI BARBOSA', 'descricaoPoder': 'EXECUTIVO', 'orgaoVinculado': {'codigoSIAFI': '20403', 'cnpj': '42519488000108', 'sigla': 'Casa de Rui Barbosa', 'nome': 'Fundação Casa de Rui Barbosa'}, 'orgaoMaximo': {'codigo': '42000', 'sigla': 'MINC', 'nome': 'Ministério da Cultura'}}","{'cpfFormatado': '', 'nis': '', 'nome': 'NAO SE APLICA'}",07/2025,3
520460070,03/2026,23/02/2026,"13,90","{'id': 2, 'codigo': '2', 'descricao': 'Cartão de Pagamento de Compras Centralizadas - CPCC'}","{'id': 558617022, 'cpfFormatado': '', 'cnpjFormatado': '21.436.144/0001-65', 'numeroInscricaoSocial': '', 'nome': 'MARCELLY DE N. F. ROCHA', 'razaoSocialReceita': 'MARCELLY DE N. F. ROCHA', 'nomeFantasiaReceita': 'ENNYA IMPORTADOS', 'tipo': 'Entidades Empresariais Privadas'}","{'codigo': '155941', 'nome': 'INSTITUTO FED DO AP CAMPUS AGRIC PORTO GRANDE', 'descricaoPoder': 'EXECUTIVO', 'orgaoVinculado': {'codigoSIAFI': '26426', 'cnpj': '10820882000195', 'sigla': 'IFAP', 'nome': 'Instituto Federal de Educação, Ciência e Tecnologia do Amapá'}, 'orgaoMaximo': {'codigo': '26000', 'sigla': 'MEC', 'nome': 'Ministério da Educação'}}","{'cpfFormatado': '', 'nis': '', 'nome': 'NAO SE APLICA'}",07/2025,3
536127232,11/2025,21/10/2025,"373,60","{'id': 2, 'codigo': '2', 'descricao': 'Cartão de Pagamento de Compras Centralizadas - CPCC'}","{'id': 6518793, 'cpfFormatado': '', 'cnpjFormatado': '14.338.304/0001-78', 'numeroInscricaoSocial': '', 'nome': 'VINDI PAGAMENTOS S/A', 'razaoSocialReceita': 'VINDI PAGAMENTOS S/A', 'nomeFantasiaReceita': 'VINDI PAGAMENTOS ONLINE', 'tipo': 'Entidades Empresariais Privadas'}","{'codigo': '158283', 'nome': 'IFMA/CAMPUS BURITICUPU', 'descricaoPoder': 'EXECUTIVO', 'orgaoVinculado': {'codigoSIAFI': '26408', 'cnpj': '10735145000194', 'sigla': 'IFMA', 'nome': 'Instituto Federal de Educação, Ciência e Tecnologia do Maranhão'}, 'orgaoMaximo': {'codigo': '26000', 'sigla': 'MEC', 'nome': 'Ministério da Educação'}}","{'cpfFormatado': '', 'nis': '', 'nome': 'NAO SE APLICA'}",07/2025,3
536127296,11/2025,21/10/2025,"2.800,00","{'id': 2, 'codigo': '2', 'descricao': 'Cartão de Pagamento de Compras Centralizadas - CPCC'}","{'id': 608453052, 'cpfFormatado': '', 'cnpjFormatado': '29.299.282/0001-51', 'numeroInscricaoSocial': '', 'nome': 'N CUNHA SANTOS  LTDA', 'razaoSocialReceita': 'N CUNHA SANTOS  LTDA', 'nomeFantasiaReceita': 'MALHARIA SALANNY', 'tipo': 'Entidades Empresariais Privadas'}","{'codigo': '158283', 'nome': 'IFMA/CAMPUS BURITICUPU', 'descricaoPoder': 'EXECUTIVO', 'orgaoVinculado': {'codigoSIAFI': '26408', 'cnpj': '10735145000194', 'sigla': 'IFMA', 'nome': 'Instituto Federal de Educação, Ciência e Tecnologia do Maranhão'}, 'orgaoMaximo': {'codigo': '26000', 'sigla': 'MEC', 'nome': 'Ministério da Educação'}}","{'cpfFormatado': '', 'nis': '', 'nome': 'NAO SE APLICA'}",07/2025,3
536127360,12/2025,06/11/2025,"710,00","{'id': 2, 'codigo': '2', 'descricao': 'Cartão de Pagamento de Compras Centralizadas - CPCC'}","{'id': -1, 'cpfFormatado': '', 'cnpjFormatado': '', 'numeroInscricaoSocial': '', 'nome': 'SEM INFORMACAO', 'razaoSocialReceita': 'SEM INFORMACAO', 'nomeFantasiaReceita': 'SEM INFORMACAO', 'tipo': 'Sem Informação'}","{'codigo': '400085', 'nome': 'SUPERINTENDENCIA REGIONAL DO TRABALHO/PI', 'descricaoPoder': 'EXECUTIVO', 'orgaoVinculado': {'codigoSIAFI': '40000', 'cnpj': '23612685000122', 'sigla': 'MTE', 'nome': 'Ministério do Trabalho e Emprego - Unidades com vínculo direto'}, 'orgaoMaximo': {'codigo': '40000', 'sigla': 'MTE', 'nome': 'Ministério do Trabalho e Emprego'}}","{'cpfFormatado': '', 'nis': '', 'nome': 'NAO SE APLICA'}",07/2025,3
536127424,12/2025,06/11/2025,"380,00","{'id': 2, 'codigo': '2', 'descricao': 'Cartão de Pagamento de Compras Centralizadas - CPCC'}","{'id': 202650890, 'cpfFormatado': '***.746.841-**', 'cnpjFormatado': '', 'numeroInscricaoSocial': '13112079271', 'nome': 'ERALDO DE SOUZA BATISTA', 'razaoSocialReceita': '', 'nomeFantasiaReceita': '', 'tipo': 'Pessoa Física'}","{'codigo': '400085', 'nome': 'SUPERINTENDENCIA REGIONAL DO TRABALHO/PI', 'descricaoPoder': 'EXECUTIVO', 'orgaoVinculado': {'codigoSIAFI': '40000', 'cnpj': '23612685000122', 'sigla': 'MTE', 'nome': 'Ministério do Trabalho e Emprego - Unidades com vínculo direto'}, 'orgaoMaximo': {'codigo': '40000', 'sigla': 'MTE', 'nome': 'Ministério do Trabalho e Emprego'}}","{'cpfFormatado': '', 'nis': '', 'nome': 'NAO SE APLICA'}",07/2025,3
538003080,12/2025,17/11/2025,"684,00","{'id': 2, 'codigo': '2', 'descricao': 'Cartão de Pagamento de Compras Centralizadas - CPCC'}","{'id': 25041834, 'cpfFormatado': '', 'cnpjFormatado': '15.513.525/0001-06', 'numeroInscricaoSocial': '', 'nome': 'FLORA GAS LTDA', 'razaoSocialReceita': 'FLORA GAS LTDA', 'nomeFantasiaReceita': 'FLORA GAS', 'tipo': 'Entidades Empresariais Privadas'}","{'codigo': '400085', 'nome': 'SUPERINTENDENCIA REGIONAL DO TRABALHO/PI', 'descricaoPoder': 'EXECUTIVO', 'orgaoVinculado': {'codigoSIAFI': '40000', 'cnpj': '23612685000122', 'sigla': 'MTE', 'nome': 'Ministério do Trabalho e Emprego - Unidades com vínculo direto'}, 'orgaoMaximo': {'codigo': '40000', 'sigla': 'MTE', 'nome': 'Ministério do Trabalho e Emprego'}}","{'cpfFormatado': '', 'nis': '', 'nome': 'NAO SE APLICA'}",07/2025,3
538003144,06/2026,06/05/2026,"375,00","{'id': 2, 'codigo': '2', 'descricao': 'Cartão de Pagamento de Compras Centralizadas - CPCC'}","{'id': 26842427, 'cpfFormatado': '', 'cnpjFormatado': '19.403.487/0001-81', 'numeroInscricaoSocial': '', 'nome': 'M V R TEIXEIRA OLIVEIRA', 'razaoSocialReceita': 'M V R TEIXEIRA OLIVEIRA', 'nomeFantasiaReceita': 'MEGA GRAFICA', 'tipo': 'Entidades Empresariais Privadas'}","{'codigo': '158283', 'nome': 'IFMA/CAMPUS BURITICUPU', 'descricaoPoder': 'EXECUTIVO', 'orgaoVinculado': {'codigoSIAFI': '26408', 'cnpj': '10735145000194', 'sigla': 'IFMA', 'nome': 'Instituto Federal de Educação, Ciência e Tecnologia do Maranhão'}, 'orgaoMaximo': {'codigo': '26000', 'sigla': 'MEC', 'nome': 'Ministério da Educação'}}","{'cpfFormatado': '', 'nis': '', 'nome': 'NAO SE APLICA'}",07/2025,3
538691395,05/2026,11/04/2026,"54,35","{'id': 2, 'codigo': '2', 'descricao': 'Cartão de Pagamento de Compras Centralizadas - CPCC'}","{'id': 5619525, 'cpfFormatado': '', 'cnpjFormatado': '23.069.198/0003-27', 'numeroInscricaoSocial': '', 'nome': 'M A SILVA & SILVA LTDA', 'razaoSocialReceita': 'M A SILVA & SILVA LTDA', 'nomeFantasiaReceita': 'SUPERMERCADO SANTA LUCIA', 'tipo': 'Entidades Empresariais Privadas'}","{'codigo': '155941', 'nome': 'INSTITUTO FED DO AP CAMPUS AGRIC PORTO GRANDE', 'descricaoPoder': 'EXECUTIVO', 'orgaoVinculado': {'codigoSIAFI': '26426', 'cnpj': '10820882000195', 'sigla': 'IFAP', 'nome': 'Instituto Federal de Educação, Ciência e Tecnologia do Amapá'}, 'orgaoMaximo': {'codigo': '26000', 'sigla': 'MEC', 'nome': 'Ministério da Educação'}}","{'cpfFormatado': '', 'nis': '', 'nome': 'NAO SE APLICA'}",07/2025,3
552738923,10/2025,04/09/2025,"400,00","{'id': 2, 'codigo': '2', 'descricao': 'Cartão de Pagamento de Compras Centralizadas - CPCC'}","{'id': 608442748, 'cpfFormatado': '***.481.413-**', 'cnpjFormatado': '', 'numeroInscricaoSocial': '16427007433', 'nome': 'CLAUDIA MARIA BEZERRA LIMA', 'razaoSocialReceita': '', 'nomeFantasiaReceita': '', 'tipo': 'Pessoa Física'}","{'codigo': '158283', 'nome': 'IFMA/CAMPUS BURITICUPU', 'descricaoPoder': 'EXECUTIVO', 'orgaoVinculado': {'codigoSIAFI': '26408', 'cnpj': '10735145000194', 'sigla': 'IFMA', 'nome': 'Instituto Federal de Educação, Ciência e Tecnologia do Maranhão'}, 'orgaoMaximo': {'codigo': '26000', 'sigla': 'MEC', 'nome': 'Ministério da Educação'}}","{'cpfFormatado': '', 'nis': '', 'nome': 'NAO SE APLICA'}",07/2025,4
552738987,10/2025,04/09/2025,"3.400,00","{'id': 2, 'codigo': '2', 'descricao': 'Cartão de Pagamento de Compras Centralizadas - CPCC'}","{'id': 608442748, 'cpfFormatado': '***.481.413-**', 'cnpjFormatado': '', 'numeroInscricaoSocial': '16427007433', 'nome': 'CLAUDIA MARIA BEZERRA LIMA', 'razaoSocialReceita': '', 'nomeFantasiaReceita': '', 'tipo': 'Pessoa Física'}","{'codigo': '158283', 'nome': 'IFMA/CAMPUS BURITICUPU', 'descricaoPoder': 'EXECUTIVO', 'orgaoVinculado': {'codigoSIAFI': '26408', 'cnpj': '10735145000194', 'sigla': 'IFMA', 'nome': 'Instituto Federal de Educação, Ciência e Tecnologia do Maranhão'}, 'orgaoMaximo': {'codigo': '26000', 'sigla': 'MEC', 'nome': 'Ministério da Educação'}}","{'cpfFormatado': '', 'nis': '', 'nome': 'NAO SE APLICA'}",07/2025,4
552739051,10/2025,04/09/2025,"2.046,00","{'id': 2, 'codigo': '2', 'descricao': 'Cartão de Pagamento de Compras Centralizadas - CPCC'}","{'id': 608442748, 'cpfFormatado': '***.481.413-**', 'cnpjFormatado': '', 'numeroInscricaoSocial': '16427007433', 'nome': 'CLAUDIA MARIA BEZERRA LIMA', 'razaoSocialReceita': '', 'nomeFantasiaReceita': '', 'tipo': 'Pessoa Física'}","{'codigo': '158283', 'nome': 'IFMA/CAMPUS BURITICUPU', 'descricaoPoder': 'EXECUTIVO', 'orgaoVinculado': {'codigoSIAFI': '26408', 'cnpj': '10735145000194', 'sigla': 'IFMA', 'nome': 'Instituto Federal de Educação, Ciência e Tecnologia do Maranhão'}, 'orgaoMaximo': {'codigo': '26000', 'sigla': 'MEC', 'nome': 'Ministério da Educação'}}","{'cpfFormatado': '', 'nis': '', 'nome': 'NAO SE APLICA'}",07/2025,4
552739115,05/2026,02/04/2026,"480,67","{'id': 2, 'codigo': '2', 'descricao': 'Cartão de Pagamento de Compras Centralizadas - CPCC'}","{'id': 606459321, 'cpfFormatado': '', 'cnpjFormatado': '07.844.185/0016-46', 'numeroInscricaoSocial': '', 'nome': 'LOJAS 2A LTDA', 'razaoSocialReceita': 'LOJAS 2A LTDA', 'nomeFantasiaReceita': 'LOJA 2A - GARDEN SHOPPING', 'tipo': 'Entidades Empresariais Privadas'}","{'codigo': '155941', 'nome': 'INSTITUTO FED DO AP CAMPUS AGRIC PORTO GRANDE', 'descricaoPoder': 'EXECUTIVO', 'orgaoVinculado': {'codigoSIAFI': '26426', 'cnpj': '10820882000195', 'sigla': 'IFAP', 'nome': 'Instituto Federal de Educação, Ciência e Tecnologia do Amapá'}, 'orgaoMaximo': {'codigo': '26000', 'sigla': 'MEC', 'nome': 'Ministério da Educação'}}","{'cpfFormatado': '', 'nis': '', 'nome': 'NAO SE APLICA'}",07/2025,4
552739179,05/2026,02/04/2026,"68,97","{'id': 2, 'codigo': '2', 'descricao': 'Cartão de Pagamento de Compras Centralizadas - CPCC'}","{'id': 608465772, 'cpfFormatado': '', 'cnpjFormatado': '17.303.356/0001-05', 'numeroInscricaoSocial': '', 'nome': 'LOURENCO & MONTEIRO LTDA', 'razaoSocialReceita': 'LOURENCO & MONTEIRO LTDA', 'nomeFantasiaReceita': 'LOJA DO SORVETEIRO E CONFEITEIRO', 'tipo': 'Entidades Empresariais Privadas'}","{'codigo': '155941', 'nome': 'INSTITUTO FED DO AP CAMPUS AGRIC PORTO GRANDE', 'descricaoPoder': 'EXECUTIVO', 'orgaoVinculado': {'codigoSIAFI': '26426', 'cnpj': '10820882000195', 'sigla': 'IFAP', 'nome': 'Instituto Federal de Educação, Ciência e Tecnologia do Amapá'}, 'orgaoMaximo': {'codigo': '26000', 'sigla': 'MEC', 'nome': 'Ministério da Educação'}}","{'cpfFormatado': '', 'nis': '', 'nome': 'NAO SE APLICA'}",07/2025,4
572663433,04/2026,18/03/2026,"1.770,00","{'id': 2, 'codigo': '2', 'descricao': 'Cartão de Pagamento de Compras Centralizadas - CPCC'}","{'id': 23242533, 'cpfFormatado': '', 'cnpjFormatado': '13.333.795/0001-00', 'numeroInscricaoSocial': '', 'nome': 'A DA COSTA CHAGAS EMPREENDIMENTOS LTDA', 'razaoSocialReceita': 'A DA COSTA CHAGAS EMPREENDIMENTOS LTDA', 'nomeFantasiaReceita': 'HYAKIX - SOLUCOES EM INFORMATICA', 'tipo': 'Entidades Empresariais Privadas'}","{'codigo': '155941', 'nome': 'INSTITUTO FED DO AP CAMPUS AGRIC PORTO GRANDE', 'descricaoPoder': 'EXECUTIVO', 'orgaoVinculado': {'codigoSIAFI': '26426', 'cnpj': '10820882000195', 'sigla': 'IFAP', 'nome': 'Instituto Federal de Educação, Ciência e Tecnologia do Amapá'}, 'orgaoMaximo': {'codigo': '26000', 'sigla': 'MEC', 'nome': 'Ministério da Educação'}}","{'cpfFormatado': '', 'nis': '', 'nome': 'NAO SE APLICA'}",07/2025,4
572663497,04/2026,18/03/2026,"404,91","{'id': 2, 'codigo': '2', 'descricao': 'Cartão de Pagamento de Compras Centralizadas - CPCC'}","{'id': 364417611, 'cpfFormatado': '', 'cnpjFormatado': '00.776.574/0710-96', 'numeroInscricaoSocial': '', 'nome': 'AMERICANAS S.A - EM RECUPERACAO JUDICIAL', 'razaoSocialReceita': 'AMERICANAS S.A - EM RECUPERACAO JUDICIAL', 'nomeFantasiaReceita': 'FILIAL 1127', 'tipo': 'Entidades Empresariais Privadas'}","{'codigo': '155941', 'nome': 'INSTITUTO FED DO AP CAMPUS AGRIC PORTO GRANDE', 'descricaoPoder': 'EXECUTIVO', 'orgaoVinculado': {'codigoSIAFI': '26426', 'cnpj': '10820882000195', 'sigla': 'IFAP', 'nome': 'Instituto Federal de Educação, Ciência e Tecnologia do Amapá'}, 'orgaoMaximo': {'codigo': '26000', 'sigla': 'MEC', 'nome': 'Ministério da Educação'}}","{'cpfFormatado': '', 'nis': '', 'nome': 'NAO SE APLICA'}",07/2025,4
575143544,04/2026,05/03/2026,"2.500,00","{'id': 2, 'codigo': '2', 'descricao': 'Cartão de Pagamento de Compras Centralizadas - CPCC'}","{'id': 360717389, 'cpfFormatado': '', 'cnpjFormatado': '34.101.761/0001-51', 'numeroInscricaoSocial': '', 'nome': 'AGROVET PRODUTOS AGRICOLAS LTDA', 'razaoSocialReceita': 'AGROVET PRODUTOS AGRICOLAS LTDA', 'nomeFantasiaReceita': 'AGROVET PRODUTOS AGRICOLAS', 'tipo': 'Entidades Empresariais Privadas'}","{'codigo': '155941', 'nome': 'INSTITUTO FED DO AP CAMPUS AGRIC PORTO GRANDE', 'descricaoPoder': 'EXECUTIVO', 'orgaoVinculado': {'codigoSIAFI': '26426', 'cnpj': '10820882000195', 'sigla': 'IFAP', 'nome': 'Instituto Federal de Educação, Ciência e Tecnologia do Amapá'}, 'orgaoMaximo': {'codigo': '26000', 'sigla': 'MEC', 'nome': 'Ministério da Educação'}}","{'cpfFormatado': '', 'nis': '', 'nome': 'NAO SE APLICA'}",07/2025,4
575143608,04/2026,05/03/2026,"1.194,40","{'id': 2, 'codigo': '2', 'descricao': 'Cartão de Pagamento de Compras Centralizadas - CPCC'}","{'id': 494916818, 'cpfFormatado': '', 'cnpjFormatado': '10.815.369/0001-06', 'numeroInscricaoSocial': '', 'nome': 'EXPRESSO SAUDE LTDA', 'razaoSocialReceita': 'EXPRESSO SAUDE LTDA', 'nomeFantasiaReceita': 'EXPRESSO SAUDE', 'tipo': 'Entidades Empresariais Privadas'}","{'codigo': '155941', 'nome': 'INSTITUTO FED DO AP CAMPUS AGRIC PORTO GRANDE', 'descricaoPoder': 'EXECUTIVO', 'orgaoVinculado': {'codigoSIAFI': '26426', 'cnpj': '10820882000195', 'sigla': 'IFAP', 'nome': 'Instituto Federal de Educação, Ciência e Tecnologia do Amapá'}, 'orgaoMaximo': {'codigo': '26000', 'sigla': 'MEC', 'nome': 'Ministério da Educação'}}","{'cpfFormatado': '', 'nis': '', 'nome': 'NAO SE APLICA'}",07/2025,4
